count_type,create_sh_ver,modify_sh_ver,time_offset,decline_distance,update_time,end_time,additional,max_rpm,pkg_name,mean_cadence,custom,duration,sweat_loss,comment,mean_power,location_data,mean_caloricburn_rate,create_time,altitude_loss,mean_rpm,distance,max_power,count,max_cadence,altitude_gain,max_altitude,exercise_custom_type,vo2_max,datauuid,max_caloricburn_rate,max_heart_rate,max_speed,mean_speed,start_time,calorie,mean_heart_rate,live_data,min_heart_rate,min_altitude,incline_distance,auxiliary_devices,deviceuuid,exercise_type
30001,,,-14400000,,"04/26/2024, 2:10:50 PM","04/26/2024, 2:09:18 PM",,,com.sec.android.app.shealth,,,892524,,,,,,"04/26/2024, 2:10:50 PM",,,990.930000,,1293,,,,,,04ddf549-cbc9-351f-9b1a-51511470d787,,106.000000,2.277778,1.465623,"04/26/2024, 1:54:25 PM",74.000000,93.000000,04ddf549-cbc9-351f-9b1a-51511470d787.live_data,87.000000,,,,xtfbSOmziO,1001,
30001,,,-14400000,,"04/26/2024, 5:25:27 PM","04/26/2024, 5:23:55 PM",,,com.sec.android.app.shealth,,,1678069,,,,,,"04/26/2024, 5:25:27 PM",,,1688.687000,,2258,,,,,,b3ccd525-0f82-7fba-26d7-adf73ca28653,,123.000000,1.632821,1.321615,"04/26/2024, 4:55:57 PM",129.000000,101.000000,b3ccd525-0f82-7fba-26d7-adf73ca28653.live_data,76.000000,,,,xtfbSOmziO,1001,
30001,,,-14400000,,"04/26/2024, 6:11:07 PM","04/26/2024, 6:09:34 PM",,,com.sec.android.app.shealth,,,1362498,,,,,,"04/26/2024, 6:11:07 PM",,,1298.740000,,1749,,,,,,bc0b0c14-f135-35f7-2601-4f09f3245ede,,130.000000,1.558825,1.282309,"04/26/2024, 5:46:52 PM",104.000000,103.000000,bc0b0c14-f135-35f7-2601-4f09f3245ede.live_data,75.000000,,,,xtfbSOmziO,1001,
30001,,,-14400000,,"04/30/2024, 12:19:34 PM","04/27/2024, 6:33:30 AM",,,com.sec.android.app.shealth,146.703325,,5457954,,,,,,"04/27/2024, 6:35:02 AM",,,12323.303000,,13345,168.860645,,,,,3d5f56af-cbe4-a971-1693-0e60ab8d17d7,,161.000000,2.655528,2.399807,"04/27/2024, 5:02:32 AM",940.000000,134.000000,3d5f56af-cbe4-a971-1693-0e60ab8d17d7.live_data,86.000000,,,,xtfbSOmziO,1002,
30001,,,-14400000,,"04/27/2024, 1:57:30 PM","04/27/2024, 1:56:00 PM",,,com.sec.android.app.shealth,,,739164,,,,,,"04/27/2024, 1:57:30 PM",,,575.890000,,763,,,,,,ac3f23d2-1cac-a929-49a6-53d1ea9aeb02,,113.000000,1.745525,1.411960,"04/27/2024, 1:43:41 PM",57.000000,95.000000,ac3f23d2-1cac-a929-49a6-53d1ea9aeb02.live_data,72.000000,,,,xtfbSOmziO,1001,
30001,,,-14400000,,"04/27/2024, 5:37:18 PM","04/27/2024, 5:35:48 PM",,,com.sec.android.app.shealth,,,690516,,,,,,"04/27/2024, 5:37:18 PM",,,754.320000,,1009,,,,,,08d19d29-9acf-75f2-dbf1-a7c4bfbefae2,,113.000000,1.666667,1.434938,"04/27/2024, 5:24:17 PM",57.000000,101.000000,08d19d29-9acf-75f2-dbf1-a7c4bfbefae2.live_data,91.000000,,,,xtfbSOmziO,1001,
30001,,,-14400000,,"04/27/2024, 6:54:47 PM","04/27/2024, 6:53:18 PM",,,com.sec.android.app.shealth,,,619563,,,,,,"04/27/2024, 6:54:47 PM",,,729.291000,,981,,,,,,f7ca469c-5870-534b-2222-991cb2d8e724,,103.000000,1.388889,1.277885,"04/27/2024, 6:42:58 PM",48.000000,93.000000,f7ca469c-5870-534b-2222-991cb2d8e724.live_data,82.000000,,,,xtfbSOmziO,1001,
30001,,,-14400000,,"04/30/2024, 1:43:14 PM","04/30/2024, 1:41:43 PM",,,com.sec.android.app.shealth,157.306541,,2629897,,,,,,"04/30/2024, 1:43:14 PM",,,6540.619000,,6895,169.429574,,,,,c13914eb-6ac2-1ac9-f27b-aff09e8eb2cd,,172.000000,2.725833,2.560755,"04/30/2024, 12:57:53 PM",506.000000,159.000000,c13914eb-6ac2-1ac9-f27b-aff09e8eb2cd.live_data,81.000000,,,,xtfbSOmziO,1002,
30001,,,-14400000,,"05/04/2024, 10:31:35 AM","05/04/2024, 10:30:03 AM",,,com.sec.android.app.shealth,,,8446119,,,,,,"05/04/2024, 10:31:35 AM",,,16522.623000,,18339,,,,,,c1f4df6f-f931-d83e-2ea8-e57434452504,,185.000000,2.645787,2.158835,"05/04/2024, 8:09:17 AM",1256.000000,149.000000,c1f4df6f-f931-d83e-2ea8-e57434452504.live_data,93.000000,,,,xtfbSOmziO,1001,
30001,,,-14400000,,"05/04/2024, 10:46:02 AM","05/04/2024, 10:44:31 AM",,,com.sec.android.app.shealth,,,660455,,,,,,"05/04/2024, 10:46:02 AM",,,745.724000,,993,,,,,,b42723cd-72e9-f1cb-48b1-f29f3f5a3b2b,,109.000000,1.452669,1.343988,"05/04/2024, 10:33:30 AM",54.000000,98.000000,b42723cd-72e9-f1cb-48b1-f29f3f5a3b2b.live_data,80.000000,,,,xtfbSOmziO,1001,
30001,,,-14400000,,"05/04/2024, 5:18:08 PM","05/04/2024, 5:16:37 PM",,,com.sec.android.app.shealth,,,815579,,,,,,"05/04/2024, 5:18:08 PM",,,852.915000,,1124,,,,,,444f2208-981d-2f42-9e38-5484eab54269,,123.000000,1.753099,1.435537,"05/04/2024, 5:03:01 PM",70.000000,99.000000,444f2208-981d-2f42-9e38-5484eab54269.live_data,81.000000,,,,xtfbSOmziO,1001,
30001,,,-14400000,,"05/05/2024, 4:18:25 AM","05/05/2024, 4:16:53 AM",,,com.sec.android.app.shealth,,,809271,,,,,,"05/05/2024, 4:18:25 AM",,,769.104000,,1022,,,,,,abda1faf-d2f0-f227-60f3-f4a27fd6d427,,100.000000,1.487667,1.322469,"05/05/2024, 4:03:24 AM",65.000000,85.000000,abda1faf-d2f0-f227-60f3-f4a27fd6d427.live_data,74.000000,,,,xtfbSOmziO,1001,
30001,,,-14400000,,"05/06/2024, 5:37:15 AM","05/06/2024, 5:35:43 AM",,,com.sec.android.app.shealth,,,1398477,,,,,,"05/06/2024, 5:37:15 AM",,,1005.985000,,1314,,,,,,0c8dcf62-040d-7cbd-8899-bdb1ddf71e52,,107.000000,1.825650,1.446236,"05/06/2024, 5:12:24 AM",111.000000,86.000000,0c8dcf62-040d-7cbd-8899-bdb1ddf71e52.live_data,64.000000,,,,xtfbSOmziO,1001,
30001,,,-14400000,,"05/06/2024, 6:29:30 AM","05/06/2024, 6:27:59 AM",,,com.sec.android.app.shealth,,,1422393,,,,,,"05/06/2024, 6:29:30 AM",,,1030.352000,,1361,,,,,,c01b1b73-3d83-87fe-a68a-a715ce96f4a4,,120.000000,1.611111,1.354847,"05/06/2024, 6:04:16 AM",104.000000,98.000000,c01b1b73-3d83-87fe-a68a-a715ce96f4a4.live_data,76.000000,,,,xtfbSOmziO,1001,
30001,,,-14400000,,"05/07/2024, 1:01:55 PM","05/07/2024, 1:00:23 PM",,,com.sec.android.app.shealth,,,2491718,,,,,,"05/07/2024, 1:01:55 PM",,,2847.481000,,3835,,,,,,6d71817a-0c70-2763-565d-c5349bdd8d40,,108.000000,2.777778,1.314722,"05/07/2024, 12:18:51 PM",196.000000,85.000000,6d71817a-0c70-2763-565d-c5349bdd8d40.live_data,73.000000,,,,xtfbSOmziO,1001,
30001,,,-14400000,,"05/07/2024, 1:52:38 PM","05/07/2024, 1:51:06 PM",,,com.sec.android.app.shealth,,,2543936,,,,,,"05/07/2024, 1:52:38 PM",,,2888.920000,,3924,,,,,,a41f08f3-152a-16a3-ab42-af861ac9b4a7,,98.000000,1.416667,1.249133,"05/07/2024, 1:08:42 PM",196.000000,88.000000,a41f08f3-152a-16a3-ab42-af861ac9b4a7.live_data,79.000000,,,,xtfbSOmziO,1001,
30001,,,-14400000,,"05/09/2024, 3:55:18 PM","05/09/2024, 3:53:48 PM",,,com.sec.android.app.shealth,141.286994,,1785727,,,,,,"05/09/2024, 3:55:18 PM",,,3853.641000,,4205,168.972991,,,,,ca7a86eb-ac1f-563b-ee5a-4c664603437a,,166.000000,2.694961,2.280890,"05/09/2024, 3:24:02 PM",285.000000,115.000000,ca7a86eb-ac1f-563b-ee5a-4c664603437a.live_data,86.000000,,,,xtfbSOmziO,1002,
30001,,,-14400000,,"05/10/2024, 2:00:11 AM","05/10/2024, 1:58:38 AM",,,com.sec.android.app.shealth,,,614193,,,,,,"05/10/2024, 2:00:11 AM",,,575.550000,,764,,,,,,d629ca60-a19d-cba9-a149-388907718406,,106.000000,1.510859,1.320202,"05/10/2024, 1:48:24 AM",49.000000,91.000000,d629ca60-a19d-cba9-a149-388907718406.live_data,80.000000,,,,xtfbSOmziO,1001,
,,,-14400000,,"05/17/2024, 3:53:50 PM","05/17/2024, 3:52:49 PM",,,com.sec.android.app.shealth,,,682109,,,,,,"05/17/2024, 3:53:50 PM",,,,,,,,,,,9ee461f6-9d32-ad68-9843-670177163572,,152.000000,,,"05/17/2024, 3:41:27 PM",98.000000,129.000000,9ee461f6-9d32-ad68-9843-670177163572.live_data,112.000000,,,,xtfbSOmziO,0,
30001,,,-25200000,,"08/26/2024, 8:11:51 PM","08/26/2024, 8:10:21 PM",,,com.sec.android.app.shealth,,,952844,,,,,,"08/26/2024, 8:11:51 PM",,,1258.011000,,1714,,,,,,acd85434-0884-638a-2889-c19e10605817,,128.000000,2.305724,1.425086,"08/26/2024, 7:54:28 PM",86.000000,96.000000,acd85434-0884-638a-2889-c19e10605817.live_data,77.000000,,,,xtfbSOmziO,1001,
30001,,,-25200000,,"08/27/2024, 9:19:42 AM","08/27/2024, 9:18:12 AM",,,com.sec.android.app.shealth,,,1243620,,,,,,"08/27/2024, 9:19:42 AM",,,1439.000000,,2015,,,,,,d46cecb2-6957-b993-e612-2f451068e56c,,100.000000,1.601913,1.329641,"08/27/2024, 8:57:29 AM",100.000000,89.000000,d46cecb2-6957-b993-e612-2f451068e56c.live_data,82.000000,,,,xtfbSOmziO,1001,
,,,-25200000,,"08/28/2024, 4:14:07 PM","08/27/2024, 5:42:22 PM",,,com.sec.android.app.shealth,,,4648920,,,,,,"08/28/2024, 4:14:07 PM",,,,,,,,,,,5ee6c79b-b35b-6668-296a-a16736473b0a,,129.000000,,,"08/27/2024, 4:24:53 PM",0.000000,82.000000,5ee6c79b-b35b-6668-296a-a16736473b0a.live_data,48.000000,,,,xtfbSOmziO,14001,
30001,,,-14400000,,"08/20/2024, 6:31:34 PM","08/20/2024, 6:30:01 PM",,,com.sec.android.app.shealth,,,661013,,,,,,"08/20/2024, 6:31:34 PM",,,651.830000,,934,,,,,,0a3438f5-118b-9f40-9093-ee7f12a56bd7,,92.000000,1.250000,1.206656,"08/20/2024, 6:19:00 PM",49.000000,80.000000,0a3438f5-118b-9f40-9093-ee7f12a56bd7.live_data,66.000000,,,,xtfbSOmziO,1001,
30001,,,-14400000,,"08/20/2024, 8:06:19 PM","08/20/2024, 8:04:47 PM",,,com.sec.android.app.shealth,,,833241,,,,,,"08/20/2024, 8:06:19 PM",,,670.201000,,984,,,,,,b285bab6-74f2-67d1-a03c-60b252d41353,,98.000000,1.222222,1.086012,"08/20/2024, 7:50:54 PM",64.000000,80.000000,b285bab6-74f2-67d1-a03c-60b252d41353.live_data,71.000000,,,,xtfbSOmziO,1001,
30001,,,-14400000,,"08/20/2024, 8:27:39 PM","08/20/2024, 8:26:06 PM",,,com.sec.android.app.shealth,,,807763,,,,,,"08/20/2024, 8:27:39 PM",,,834.789000,,1214,,,,,,57dbdb51-2cb1-0fb9-5f2d-f9dce380b82a,,95.000000,1.277778,1.145323,"08/20/2024, 8:12:39 PM",64.000000,81.000000,57dbdb51-2cb1-0fb9-5f2d-f9dce380b82a.live_data,71.000000,,,,xtfbSOmziO,1001,
30001,,,-14400000,,"08/20/2024, 9:41:11 PM","08/20/2024, 9:39:40 PM",,,com.sec.android.app.shealth,,,997730,,,,,,"08/20/2024, 9:41:11 PM",,,1142.461000,,1642,,,,,,9cc428d6-be39-cbd5-d2df-3dcc69cd4097,,103.000000,1.291000,1.202742,"08/20/2024, 9:23:02 PM",79.000000,91.000000,9cc428d6-be39-cbd5-d2df-3dcc69cd4097.live_data,78.000000,,,,xtfbSOmziO,1001,
30001,,,-14400000,,"08/21/2024, 9:32:11 AM","08/21/2024, 9:30:40 AM",,,com.sec.android.app.shealth,,,799355,,,,,,"08/21/2024, 9:32:11 AM",,,832.409000,,1183,,,,,,06b093a7-1cf6-301a-4d4e-894eabfac81a,,94.000000,1.548751,1.310997,"08/21/2024, 9:17:21 AM",65.000000,79.000000,06b093a7-1cf6-301a-4d4e-894eabfac81a.live_data,70.000000,,,,xtfbSOmziO,1001,
30001,,,-14400000,,"08/22/2024, 10:06:36 AM","08/22/2024, 10:05:04 AM",,,com.sec.android.app.shealth,,,1778700,,,,,,"08/22/2024, 10:06:36 AM",,,2220.128000,,3027,,,,,,244b7082-f164-b9df-3a6d-7b26e873af3d,,132.000000,2.298764,1.448896,"08/22/2024, 9:35:25 AM",149.000000,115.000000,244b7082-f164-b9df-3a6d-7b26e873af3d.live_data,85.000000,,,,xtfbSOmziO,1001,
30001,,,-14400000,,"08/22/2024, 8:58:15 PM","08/22/2024, 8:56:44 PM",,,com.sec.android.app.shealth,,,1059003,,,,,,"08/22/2024, 8:58:15 PM",,,1085.837000,,1590,,,,,,97f38d4a-d159-1fb9-e5a4-14e88c5ac797,,108.000000,1.444444,1.293615,"08/22/2024, 8:39:05 PM",88.000000,83.000000,97f38d4a-d159-1fb9-e5a4-14e88c5ac797.live_data,62.000000,,,,xtfbSOmziO,1001,
30001,,,-25200000,,"08/25/2024, 1:22:02 PM","08/25/2024, 1:20:32 PM",,,com.sec.android.app.shealth,,,2369226,,,,,,"08/25/2024, 1:22:02 PM",,,2856.868000,,4015,,,,,,39e4e59d-2452-c057-45cf-1f4addc1e319,,97.000000,1.427712,1.290511,"08/25/2024, 12:41:03 PM",189.000000,86.000000,39e4e59d-2452-c057-45cf-1f4addc1e319.live_data,74.000000,,,,xtfbSOmziO,1001,
30001,,,-25200000,,"08/25/2024, 2:28:49 PM","08/25/2024, 2:25:51 PM",,,com.sec.android.app.shealth,,,719415,,,,,,"08/25/2024, 2:28:49 PM",,,736.194000,,1069,,,,,,5caccb2a-fd03-3fc4-1cab-4e5e99d44756,,96.000000,1.863750,1.258035,"08/25/2024, 2:13:52 PM",56.000000,83.000000,5caccb2a-fd03-3fc4-1cab-4e5e99d44756.live_data,73.000000,,,,xtfbSOmziO,1001,
30001,,,-14400000,,"08/14/2024, 7:52:26 PM","08/14/2024, 7:50:53 PM",,,com.sec.android.app.shealth,,,1846384,,,,,,"08/14/2024, 7:52:26 PM",,,2247.187000,,3118,,,,,,5e43d37f-da4f-928d-a3c4-6881682d7d45,,113.000000,1.602428,1.325341,"08/14/2024, 7:20:07 PM",147.000000,86.000000,5e43d37f-da4f-928d-a3c4-6881682d7d45.live_data,56.000000,,,,xtfbSOmziO,1001,
30001,,,-14400000,,"08/15/2024, 10:36:05 AM","08/15/2024, 10:34:34 AM",,,com.sec.android.app.shealth,,,1046995,,,,,,"08/15/2024, 10:36:05 AM",,,1024.460000,,1446,,,,,,120188fe-dcd7-9207-9dce-d85b4c8bb44e,,107.000000,1.555556,1.283830,"08/15/2024, 10:17:07 AM",83.000000,85.000000,120188fe-dcd7-9207-9dce-d85b4c8bb44e.live_data,65.000000,,,,xtfbSOmziO,1001,
,,,-14400000,,"08/15/2024, 8:17:14 PM","08/15/2024, 8:16:12 PM",,,com.sec.android.app.shealth,,,1025606,,,,,,"08/15/2024, 8:17:14 PM",,,,,,,,,,,7a1e9b70-571c-8dd1-59d5-dcd8139c7875,,153.000000,,,"08/15/2024, 7:59:06 PM",137.000000,133.000000,7a1e9b70-571c-8dd1-59d5-dcd8139c7875.live_data,96.000000,,,,xtfbSOmziO,0,
30001,,,-14400000,,"08/15/2024, 9:24:57 PM","08/15/2024, 9:23:25 PM",,,com.sec.android.app.shealth,,,941178,,,,,,"08/15/2024, 9:24:57 PM",,,951.389000,,1339,,,,,,8daa44cc-ae1a-81cf-654d-17c96a6922ce,,120.000000,1.643350,1.339856,"08/15/2024, 9:07:44 PM",77.000000,95.000000,8daa44cc-ae1a-81cf-654d-17c96a6922ce.live_data,82.000000,,,,xtfbSOmziO,1001,
30001,,,-14400000,,"08/13/2024, 7:08:56 PM","08/13/2024, 7:08:55 PM",,,com.sec.android.app.shealth,98.829097,,1292399,,,,,,"08/13/2024, 7:08:56 PM",,,1448.212000,,2126,162.939000,,32.932498,,,c2da50a1-b7bb-437c-58f1-abd8a1761bf0,,101.000000,2.220000,1.120560,"08/13/2024, 6:45:10 PM",105.121000,90.000000,c2da50a1-b7bb-437c-58f1-abd8a1761bf0.live_data,78.000000,20.527936,,,xtfbSOmziO,1001,
30001,,,-14400000,,"08/06/2024, 10:33:49 AM","08/06/2024, 10:32:17 AM",,,com.sec.android.app.shealth,,,1257687,,,,,,"08/06/2024, 10:33:49 AM",,,926.529000,,1466,,,,,,f96fe80c-d5bb-6034-2e90-b39229b55c84,,129.000000,1.888889,1.169860,"08/06/2024, 10:11:20 AM",96.000000,98.000000,f96fe80c-d5bb-6034-2e90-b39229b55c84.live_data,73.000000,,,,xtfbSOmziO,1001,
,,,-14400000,,"08/06/2024, 11:23:26 AM","08/06/2024, 11:22:25 AM",,,com.sec.android.app.shealth,,,1629006,,,,,,"08/06/2024, 11:23:26 AM",,,,,,,,,,,e6bd4a4d-c81f-483c-c6e9-a03cca6b3137,,161.000000,,,"08/06/2024, 10:55:16 AM",237.000000,131.000000,e6bd4a4d-c81f-483c-c6e9-a03cca6b3137.live_data,111.000000,,,,xtfbSOmziO,0,
30001,,,-14400000,,"08/06/2024, 12:01:42 PM","08/06/2024, 12:00:11 PM",,,com.sec.android.app.shealth,,,2194959,,,,,,"08/06/2024, 12:01:42 PM",,,2530.671000,,3883,,,,,,b0153ddf-dcf2-d746-9693-2342a8cdd632,,137.000000,1.616700,1.372976,"08/06/2024, 11:23:36 AM",170.000000,118.000000,b0153ddf-dcf2-d746-9693-2342a8cdd632.live_data,95.000000,,,,xtfbSOmziO,1001,
30001,,,-14400000,,"08/07/2024, 1:16:55 PM","08/07/2024, 1:15:23 PM",,,com.sec.android.app.shealth,,,1702573,,,,,,"08/07/2024, 1:16:55 PM",,,1580.620000,,2302,,,,,,113fc133-91df-9444-bfb3-308bd56b01f7,,102.000000,1.456299,1.236415,"08/07/2024, 12:47:01 PM",127.000000,84.000000,113fc133-91df-9444-bfb3-308bd56b01f7.live_data,65.000000,,,,xtfbSOmziO,1001,
30001,,,-14400000,,"08/07/2024, 4:07:35 PM","08/07/2024, 4:06:05 PM",,,com.sec.android.app.shealth,,,1109002,,,,,,"08/07/2024, 4:07:35 PM",,,926.310000,,1412,,,,,,12f15bc7-634f-5d5e-b215-73c384e65ee7,,147.000000,1.373398,1.260985,"08/07/2024, 3:47:36 PM",91.000000,115.000000,12f15bc7-634f-5d5e-b215-73c384e65ee7.live_data,84.000000,,,,xtfbSOmziO,1001,
30001,,,-14400000,,"08/07/2024, 4:33:53 PM","08/07/2024, 4:32:22 PM",,,com.sec.android.app.shealth,,,853199,,,,,,"08/07/2024, 4:33:53 PM",,,914.371000,,1353,,,,,,99c53a54-cab9-968f-c080-5d8c67dcfbcb,,122.000000,1.555556,1.351660,"08/07/2024, 4:18:09 PM",72.000000,105.000000,99c53a54-cab9-968f-c080-5d8c67dcfbcb.live_data,60.000000,,,,xtfbSOmziO,1001,
30001,,,-14400000,,"08/09/2024, 4:16:24 PM","08/09/2024, 4:14:54 PM",,,com.sec.android.app.shealth,,,1051974,,,,,,"08/09/2024, 4:16:24 PM",,,798.610000,,1185,,,,,,0b7d4214-b3f2-1ff9-b03e-d73156a74a55,,108.000000,1.638889,1.246610,"08/09/2024, 3:57:22 PM",81.000000,90.000000,0b7d4214-b3f2-1ff9-b03e-d73156a74a55.live_data,74.000000,,,,xtfbSOmziO,1001,
30001,,,-14400000,,"08/09/2024, 5:13:21 PM","08/09/2024, 5:11:50 PM",,,com.sec.android.app.shealth,,,680409,,,,,,"08/09/2024, 5:13:21 PM",,,521.430000,,774,,,,,,c9b43f81-da4a-2e0d-02fd-ed6bd527ae98,,116.000000,1.436732,1.306149,"08/09/2024, 5:00:29 PM",53.000000,102.000000,c9b43f81-da4a-2e0d-02fd-ed6bd527ae98.live_data,89.000000,,,,xtfbSOmziO,1001,
30001,,,-14400000,,"08/09/2024, 6:30:01 PM","08/09/2024, 6:28:31 PM",,,com.sec.android.app.shealth,,,760852,,,,,,"08/09/2024, 6:30:01 PM",,,640.120000,,930,,,,,,40119cbb-0f07-231b-e6a5-b5aa4846c934,,115.000000,1.745555,1.333735,"08/09/2024, 6:15:50 PM",54.000000,98.000000,40119cbb-0f07-231b-e6a5-b5aa4846c934.live_data,88.000000,,,,xtfbSOmziO,1001,
30001,,,-14400000,,"08/09/2024, 7:37:26 PM","08/09/2024, 7:35:55 PM",,,com.sec.android.app.shealth,,,1401623,,,,,,"08/09/2024, 7:37:26 PM",,,1750.930000,,2525,,,,,,7a32ff7b-8313-e0bd-eac8-f15a106493c6,,135.000000,1.554953,1.278935,"08/09/2024, 7:12:34 PM",113.000000,105.000000,7a32ff7b-8313-e0bd-eac8-f15a106493c6.live_data,82.000000,,,,xtfbSOmziO,1001,
30001,,,-14400000,,"08/10/2024, 6:39:08 AM","08/10/2024, 6:37:36 AM",,,com.sec.android.app.shealth,,,1284530,,,,,,"08/10/2024, 6:39:08 AM",,,988.960000,,1461,,,,,,33859f36-1d6e-9773-81d7-6df94f9ef764,,104.000000,1.222222,1.139370,"08/10/2024, 6:16:12 AM",97.000000,84.000000,33859f36-1d6e-9773-81d7-6df94f9ef764.live_data,74.000000,,,,xtfbSOmziO,1001,
30001,,,-14400000,,"08/11/2024, 10:51:21 AM","08/11/2024, 10:49:48 AM",,,com.sec.android.app.shealth,,,1601669,,,,,,"08/11/2024, 10:51:21 AM",,,1563.770000,,2288,,,,,,8cf23cb9-84cf-da62-a464-268cabf4f449,,101.000000,1.525070,1.312528,"08/11/2024, 10:23:06 AM",124.000000,85.000000,8cf23cb9-84cf-da62-a464-268cabf4f449.live_data,76.000000,,,,xtfbSOmziO,1001,
30001,,,-14400000,,"08/12/2024, 11:56:22 AM","08/11/2024, 5:00:55 PM",,,com.sec.android.app.shealth,,,1085547,,,,,,"08/12/2024, 11:56:22 AM",,,1229.411000,,1777,,,,,,30c60c96-75e0-0956-606c-212654ff48a7,,,1.746826,1.309451,"08/11/2024, 4:42:49 PM",81.000000,,30c60c96-75e0-0956-606c-212654ff48a7.live_data,,,,,xtfbSOmziO,1001,
30001,,,-14400000,,"08/12/2024, 12:13:04 PM","08/12/2024, 12:11:35 PM",,,com.sec.android.app.shealth,,,669477,,,,,,"08/12/2024, 12:13:04 PM",,,815.960000,,1056,,,,,,170be00a-ae07-1688-faed-1cb695af943d,,167.000000,2.506069,1.594564,"08/12/2024, 12:00:25 PM",73.000000,119.000000,170be00a-ae07-1688-faed-1cb695af943d.live_data,84.000000,,,,xtfbSOmziO,1001,
30001,,,-14400000,,"08/13/2024, 2:07:10 PM","08/13/2024, 2:05:37 PM",,,com.sec.android.app.shealth,,,625797,,,,,,"08/13/2024, 2:07:10 PM",,,609.020000,,880,,,,,,d239ed62-25ca-7983-edfe-8bc9c1795af7,,109.000000,1.305556,1.212887,"08/13/2024, 1:55:11 PM",50.000000,95.000000,d239ed62-25ca-7983-edfe-8bc9c1795af7.live_data,83.000000,,,,xtfbSOmziO,1001,
30001,,,-14400000,,"08/13/2024, 2:29:19 PM","08/13/2024, 2:27:47 PM",,,com.sec.android.app.shealth,,,859916,,,,,,"08/13/2024, 2:29:19 PM",,,932.570000,,1316,,,,,,3d578034-85f1-6ee9-eac6-808e0cac27e1,,119.000000,1.444444,1.327335,"08/13/2024, 2:13:27 PM",66.000000,97.000000,3d578034-85f1-6ee9-eac6-808e0cac27e1.live_data,88.000000,,,,xtfbSOmziO,1001,
30001,,,-14400000,45.383000,"08/13/2024, 3:51:53 PM","08/13/2024, 3:51:42 PM",,,com.sec.android.app.shealth,146.386421,,2067710,,,,,,"08/13/2024, 3:51:53 PM",,,5391.725000,,5043,165.336000,,28.422152,,,169a90d2-9ebf-06d1-df18-7bf1a3b19591,,173.000000,2.844000,2.607583,"08/13/2024, 3:16:16 PM",357.366000,148.000000,169a90d2-9ebf-06d1-df18-7bf1a3b19591.live_data,88.000000,14.570245,8.645000,,xtfbSOmziO,1002,
30001,,,-14400000,103.810000,"08/06/2024, 10:11:03 AM","08/06/2024, 10:11:03 AM",,,com.sec.android.app.shealth,97.158884,,2393170,,,,,,"08/06/2024, 10:11:03 AM",,,2422.717000,,3874,133.656000,,3928.380784,,,fee26f4f-a41a-707c-6fa6-67dc29d7b0f5,,148.000000,1.751000,1.012346,"08/06/2024, 9:21:12 AM",206.786000,126.000000,fee26f4f-a41a-707c-6fa6-67dc29d7b0f5.live_data,93.000000,3720.710054,672.862000,,xtfbSOmziO,1001,
30001,,,-14400000,,"08/05/2024, 10:42:16 AM","08/05/2024, 10:40:43 AM",,,com.sec.android.app.shealth,,,3395186,,,,,,"08/05/2024, 10:42:16 AM",,,3515.980000,,4901,,,,,,2dcf0a48-337d-5982-38b0-dfd8c17d29ef,,144.000000,1.666667,1.292000,"08/05/2024, 9:44:08 AM",274.000000,98.000000,2dcf0a48-337d-5982-38b0-dfd8c17d29ef.live_data,57.000000,,,,xtfbSOmziO,1001,
30001,,,-14400000,,"08/05/2024, 11:27:49 AM","08/05/2024, 11:26:18 AM",,,com.sec.android.app.shealth,,,2635651,,,,,,"08/05/2024, 11:27:49 AM",,,2537.751000,,3535,,,,,,68d699ef-3834-86f3-02fd-c79db307e535,,140.000000,1.606910,1.311701,"08/05/2024, 10:42:22 AM",212.000000,112.000000,68d699ef-3834-86f3-02fd-c79db307e535.live_data,85.000000,,,,xtfbSOmziO,1001,
30001,,,-14400000,,"08/05/2024, 11:46:38 AM","08/05/2024, 11:45:07 AM",,,com.sec.android.app.shealth,,,873339,,,,,,"08/05/2024, 11:46:38 AM",,,825.369000,,1114,,,,,,042850c4-4236-3cfa-c49b-8fd88a55d22f,,140.000000,1.535907,1.342660,"08/05/2024, 11:30:34 AM",69.000000,115.000000,042850c4-4236-3cfa-c49b-8fd88a55d22f.live_data,84.000000,,,,xtfbSOmziO,1001,
,,,-14400000,,"08/05/2024, 12:15:45 PM","08/05/2024, 12:14:43 PM",,,com.sec.android.app.shealth,,,891206,,,,,,"08/05/2024, 12:15:45 PM",,,,,,,,,,,e0850e80-fbcb-fac9-7a30-4c7a664b5640,,160.000000,,,"08/05/2024, 11:59:52 AM",100.000000,132.000000,e0850e80-fbcb-fac9-7a30-4c7a664b5640.live_data,86.000000,,,,xtfbSOmziO,0,
30001,,,-14400000,,"08/05/2024, 12:35:52 PM","08/05/2024, 12:34:20 PM",,,com.sec.android.app.shealth,,,916560,,,,,,"08/05/2024, 12:35:52 PM",,,849.740000,,1204,,,,,,4669ff80-9878-67ed-2aed-0b5a4569bac6,,157.000000,1.638889,1.285308,"08/05/2024, 12:19:03 PM",75.000000,145.000000,4669ff80-9878-67ed-2aed-0b5a4569bac6.live_data,131.000000,,,,xtfbSOmziO,1001,
30001,,,-14400000,,"08/05/2024, 12:51:53 PM","08/05/2024, 12:50:21 PM",,,com.sec.android.app.shealth,,,859455,,,,,,"08/05/2024, 12:51:53 PM",,,819.911000,,1114,,,,,,8b7dce10-3c67-1d93-a72f-ea7a19cfdc76,,140.000000,1.444103,1.277998,"08/05/2024, 12:36:01 PM",66.000000,113.000000,8b7dce10-3c67-1d93-a72f-ea7a19cfdc76.live_data,85.000000,,,,xtfbSOmziO,1001,
,,,-14400000,,"08/05/2024, 1:54:43 PM","08/05/2024, 1:53:41 PM",,,com.sec.android.app.shealth,,,2852316,,,,,,"08/05/2024, 1:54:43 PM",,,,,,,,,,,45343158-5c62-f1d1-de56-23c59a0f832c,,139.000000,,,"08/05/2024, 1:06:09 PM",105.000000,117.000000,45343158-5c62-f1d1-de56-23c59a0f832c.live_data,65.000000,,,,xtfbSOmziO,0,
30001,,,-14400000,,"08/05/2024, 3:35:04 PM","08/05/2024, 3:33:32 PM",,,com.sec.android.app.shealth,,,5432149,,,,,,"08/05/2024, 3:35:04 PM",,,5857.657000,,8293,,,,,,736246f9-9a02-88b4-7555-bb135dca9234,,154.000000,1.694444,1.377517,"08/05/2024, 2:03:00 PM",419.000000,128.000000,736246f9-9a02-88b4-7555-bb135dca9234.live_data,107.000000,,,,xtfbSOmziO,1001,
,,,-14400000,,"08/05/2024, 3:53:10 PM","08/05/2024, 3:51:00 PM",,,com.sec.android.app.shealth,,,1079200,,,,,,"08/05/2024, 3:53:10 PM",,,,,,,,,,,6f2722c4-3f13-719a-02cb-126c2810b905,,109.000000,,,"08/05/2024, 3:33:01 PM",125.639999,95.000000,6f2722c4-3f13-719a-02cb-126c2810b905.live_data,89.000000,,,,xtfbSOmziO,11007,
,,,-14400000,0.000000,"08/06/2024, 9:20:37 AM","08/06/2024, 9:20:36 AM",,,com.sec.android.app.shealth,,,340480,,,,,,"08/06/2024, 9:20:37 AM",,,27.706000,,,,,3713.872484,,,90f7e983-297f-8cb9-ff6e-d0b01e3bd285,,145.000000,1.361000,0.081373,"08/06/2024, 9:14:56 AM",45.124000,125.000000,90f7e983-297f-8cb9-ff6e-d0b01e3bd285.live_data,88.000000,3712.142996,2.821000,,xtfbSOmziO,13001,
,,,-14400000,,"08/01/2024, 4:01:10 AM","08/01/2024, 3:59:05 AM",,,com.sec.android.app.shealth,,,695200,,,,,,"08/01/2024, 4:01:10 AM",,,,,,,,,,,5f1238d4-9f0a-13fd-e505-4ff6f55683e9,,129.000000,,,"08/01/2024, 3:47:30 AM",97.580002,114.000000,5f1238d4-9f0a-13fd-e505-4ff6f55683e9.live_data,102.000000,,,,xtfbSOmziO,11007,
30001,,,-14400000,,"08/01/2024, 11:50:48 AM","08/01/2024, 11:49:18 AM",,,com.sec.android.app.shealth,,,1950733,,,,,,"08/01/2024, 11:50:48 AM",,,2324.810000,,3100,,,,,,8c20378d-f240-69cd-f8f7-0778ddf70a8f,,114.000000,1.532019,1.357269,"08/01/2024, 11:16:47 AM",156.000000,96.000000,8c20378d-f240-69cd-f8f7-0778ddf70a8f.live_data,84.000000,,,,xtfbSOmziO,1001,
30001,,,-14400000,,"08/02/2024, 12:13:37 PM","08/02/2024, 12:12:06 PM",,,com.sec.android.app.shealth,,,848174,,,,,,"08/02/2024, 12:13:37 PM",,,862.140000,,1170,,,,,,ea828e6c-949c-1fdf-fc87-d26b604d5fb2,,96.000000,1.388889,1.219007,"08/02/2024, 11:57:57 AM",67.000000,81.000000,ea828e6c-949c-1fdf-fc87-d26b604d5fb2.live_data,51.000000,,,,xtfbSOmziO,1001,
30001,,,-14400000,,"08/02/2024, 8:27:19 PM","08/02/2024, 8:25:47 PM",,,com.sec.android.app.shealth,,,893120,,,,,,"08/02/2024, 8:27:19 PM",,,786.230000,,1061,,,,,,40053cf0-336e-b0c6-f616-d69ff656e16b,,101.000000,1.583333,1.352568,"08/02/2024, 8:10:54 PM",70.000000,88.000000,40053cf0-336e-b0c6-f616-d69ff656e16b.live_data,73.000000,,,,xtfbSOmziO,1001,
30001,,,-14400000,,"08/02/2024, 9:37:18 PM","08/02/2024, 9:35:47 PM",,,com.sec.android.app.shealth,,,1030643,,,,,,"08/02/2024, 9:37:18 PM",,,925.470000,,1233,,,,,,5adf701c-35c9-d27c-bd1e-0585d6a0a41f,,105.000000,1.706284,1.382686,"08/02/2024, 9:18:36 PM",84.000000,87.000000,5adf701c-35c9-d27c-bd1e-0585d6a0a41f.live_data,73.000000,,,,xtfbSOmziO,1001,
30001,,,-14400000,,"08/02/2024, 11:13:30 PM","08/02/2024, 11:11:59 PM",,,com.sec.android.app.shealth,,,921827,,,,,,"08/02/2024, 11:13:30 PM",,,1031.790000,,1419,,,,,,cd45726e-b184-5d61-f961-40c9a5b0e7e5,,97.000000,1.454054,1.267269,"08/02/2024, 10:56:37 PM",73.000000,87.000000,cd45726e-b184-5d61-f961-40c9a5b0e7e5.live_data,58.000000,,,,xtfbSOmziO,1001,
30001,,,-14400000,,"08/03/2024, 1:08:40 PM","08/03/2024, 1:07:10 PM",,,com.sec.android.app.shealth,,,1578407,,,,,,"08/03/2024, 1:08:40 PM",,,1610.290000,,2169,,,,,,bc0755e4-8099-55a6-1b43-abfc608c56cc,,98.000000,1.472222,1.311425,"08/03/2024, 12:40:52 PM",124.000000,82.000000,bc0755e4-8099-55a6-1b43-abfc608c56cc.live_data,66.000000,,,,xtfbSOmziO,1001,
30001,,,-14400000,,"08/04/2024, 2:17:13 PM","08/04/2024, 2:15:41 PM",,,com.sec.android.app.shealth,,,2586759,,,,,,"08/04/2024, 2:17:13 PM",,,3126.099000,,4109,,,,,,95a1b223-132c-ccfd-4a0f-7cc7ea7d4263,,138.000000,2.265601,1.389208,"08/04/2024, 1:32:35 PM",213.000000,90.000000,95a1b223-132c-ccfd-4a0f-7cc7ea7d4263.live_data,54.000000,,,,xtfbSOmziO,1001,
30001,,,-14400000,,"08/04/2024, 4:33:34 PM","08/04/2024, 4:32:02 PM",,,com.sec.android.app.shealth,,,656858,,,,,,"08/04/2024, 4:33:34 PM",,,620.160000,,840,,,,,,b7a109e6-7ade-8ed3-e961-5890397c9ca1,,107.000000,1.361111,1.268588,"08/04/2024, 4:21:06 PM",48.000000,97.000000,b7a109e6-7ade-8ed3-e961-5890397c9ca1.live_data,90.000000,,,,xtfbSOmziO,1001,
,,,-14400000,,"08/05/2024, 9:37:45 AM","08/05/2024, 9:35:31 AM",,,com.sec.android.app.shealth,,,1739680,,,,,,"08/05/2024, 9:37:45 AM",,,,,,,,,,,60f0d17d-2240-bab4-86f6-fa469ac0622b,,118.000000,,,"08/05/2024, 9:06:32 AM",197.320007,98.000000,60f0d17d-2240-bab4-86f6-fa469ac0622b.live_data,89.000000,,,,xtfbSOmziO,11007,
30001,,,-25200000,,"08/31/2024, 9:12:38 AM","08/31/2024, 9:11:07 AM",,,com.sec.android.app.shealth,,,2316160,,,,,,"08/31/2024, 9:12:38 AM",,,2596.870000,,3656,,,,,,452389ef-399b-5189-33e3-16de93ac5646,,116.000000,1.466227,1.320167,"08/31/2024, 8:32:30 AM",183.000000,93.000000,452389ef-399b-5189-33e3-16de93ac5646.live_data,75.000000,,,,xtfbSOmziO,1001,
30001,,,-25200000,,"09/01/2024, 1:34:28 PM","09/01/2024, 1:32:56 PM",,,com.sec.android.app.shealth,,,4558906,,,,,,"09/01/2024, 1:34:28 PM",,,4026.140000,,7500,,,,,,4746fcf1-5b4a-3507-b575-1a02109821bb,,147.000000,1.944444,1.308868,"09/01/2024, 12:16:57 PM",420.000000,106.000000,4746fcf1-5b4a-3507-b575-1a02109821bb.live_data,84.000000,,,,xtfbSOmziO,1001,
30001,,,-25200000,,"09/02/2024, 8:19:27 PM","09/02/2024, 8:17:55 PM",,,com.sec.android.app.shealth,131.841736,,3756777,,,,,,"09/02/2024, 8:19:27 PM",,,7364.072000,,8255,186.580660,,,,,fea26acd-c762-3a30-3db4-863b1eaa0823,,175.000000,2.646987,2.148677,"09/02/2024, 7:15:19 PM",563.000000,139.000000,fea26acd-c762-3a30-3db4-863b1eaa0823.live_data,86.000000,,,,xtfbSOmziO,1002,
30001,,,-25200000,,"09/03/2024, 7:19:17 AM","09/03/2024, 7:17:45 AM",,,com.sec.android.app.shealth,,,634249,,,,,,"09/03/2024, 7:19:17 AM",,,565.330000,,848,,,,,,db631861-dc59-5b19-86d5-288865fa2f17,,108.000000,1.555556,1.294226,"09/03/2024, 7:07:11 AM",50.000000,90.000000,db631861-dc59-5b19-86d5-288865fa2f17.live_data,70.000000,,,,xtfbSOmziO,1001,
30001,,,-25200000,,"10/31/2024, 2:02:30 PM","10/31/2024, 2:00:58 PM",,,com.sec.android.app.shealth,,,2119978,,,,,,"10/31/2024, 2:02:30 PM",,,2891.710000,,3754,,,,,,66574440-3a34-3785-c028-4fda9d441558,,120.000000,1.555556,1.437436,"10/31/2024, 1:25:38 PM",179.000000,99.000000,66574440-3a34-3785-c028-4fda9d441558.live_data,89.000000,,,,xtfbSOmziO,1001,
30001,,,-25200000,,"10/31/2024, 6:06:31 PM","10/31/2024, 6:04:59 PM",,,com.sec.android.app.shealth,137.479965,,3061537,,,,,,"10/31/2024, 6:06:31 PM",,,6346.662000,,7015,169.677882,,,,,2450f3d2-287f-4cee-bc11-2a300bacf905,,176.000000,2.685345,2.234110,"10/31/2024, 5:13:58 PM",481.000000,147.000000,2450f3d2-287f-4cee-bc11-2a300bacf905.live_data,84.000000,,,,xtfbSOmziO,1002,
30001,,,-25200000,,"10/31/2024, 6:52:50 PM","10/31/2024, 6:51:18 PM",,,com.sec.android.app.shealth,,,1703355,,,,,,"10/31/2024, 6:52:50 PM",,,2007.401000,,2694,,,,,,0bf33581-1909-b5f6-0db9-bd2b477a2f93,,109.000000,1.396833,1.315763,"10/31/2024, 6:22:55 PM",142.000000,95.000000,0bf33581-1909-b5f6-0db9-bd2b477a2f93.live_data,84.000000,,,,xtfbSOmziO,1001,
30001,,,-25200000,,"11/01/2024, 5:35:01 PM","11/01/2024, 5:33:30 PM",,,com.sec.android.app.shealth,,,4396904,,,,,,"11/01/2024, 5:35:01 PM",,,4590.070000,,7485,,,,,,c6359694-e701-9736-c5bd-86900e1513d1,,158.000000,1.784078,1.398056,"11/01/2024, 4:20:13 PM",411.000000,116.000000,c6359694-e701-9736-c5bd-86900e1513d1.live_data,85.000000,,,,xtfbSOmziO,1001,
30001,,,-25200000,,"11/02/2024, 12:06:07 PM","11/02/2024, 12:04:36 PM",,,com.sec.android.app.shealth,,,9216557,,,,,,"11/02/2024, 12:06:07 PM",,,8983.497000,,14814,,,,,,bd7213d7-d72d-3460-b702-3c3244340369,,148.000000,1.884015,1.379849,"11/02/2024, 9:30:59 AM",867.000000,110.000000,bd7213d7-d72d-3460-b702-3c3244340369.live_data,79.000000,,,,xtfbSOmziO,1001,
30001,,,-25200000,,"11/02/2024, 12:23:14 PM","11/02/2024, 12:21:42 PM",,,com.sec.android.app.shealth,,,845078,,,,,,"11/02/2024, 12:23:14 PM",,,997.520000,,1391,,,,,,a5875b2a-e5d0-ea71-7ca3-dc46742d5989,,117.000000,1.583333,1.417730,"11/02/2024, 12:07:37 PM",69.000000,104.000000,a5875b2a-e5d0-ea71-7ca3-dc46742d5989.live_data,95.000000,,,,xtfbSOmziO,1001,
30001,,,-28800000,,"11/03/2024, 11:22:46 AM","11/03/2024, 11:21:15 AM",,,com.sec.android.app.shealth,,,2519495,,,,,,"11/03/2024, 11:22:46 AM",,,3260.310000,,4290,,,,,,bfa737cb-b1d2-b903-ea06-4753990ebf2e,,131.000000,1.570658,1.416415,"11/03/2024, 10:39:15 AM",213.000000,113.000000,bfa737cb-b1d2-b903-ea06-4753990ebf2e.live_data,101.000000,,,,xtfbSOmziO,1001,
30001,,,-28800000,,"11/04/2024, 10:42:06 AM","11/04/2024, 10:40:35 AM",,,com.sec.android.app.shealth,,,2558345,,,,,,"11/04/2024, 10:42:06 AM",,,3368.331000,,4402,,,,,,ac9cf0d3-ba7c-5314-3233-e9f9bea233c1,,102.000000,1.603064,1.426104,"11/04/2024, 9:57:56 AM",213.000000,83.000000,ac9cf0d3-ba7c-5314-3233-e9f9bea233c1.live_data,57.000000,,,,xtfbSOmziO,1001,
30001,,,-28800000,,"11/06/2024, 1:05:29 PM","11/06/2024, 1:03:57 PM",,,com.sec.android.app.shealth,,,1949329,,,,,,"11/06/2024, 1:05:29 PM",,,2071.320000,,2725,,,,,,bef04fbd-1e76-7d72-f837-f286e792d2b2,,149.000000,2.451668,1.417528,"11/06/2024, 12:31:28 PM",167.000000,97.000000,bef04fbd-1e76-7d72-f837-f286e792d2b2.live_data,77.000000,,,,xtfbSOmziO,1001,
30001,,,-25200000,,"10/30/2024, 12:25:29 PM","10/30/2024, 12:23:56 PM",,,com.sec.android.app.shealth,,,713268,,,,,,"10/30/2024, 12:25:29 PM",,,756.700000,,990,,,,,,1b5e34d2-cd75-5160-c894-3233d9930415,,145.000000,1.448145,1.347115,"10/30/2024, 12:12:02 PM",59.000000,118.000000,1b5e34d2-cd75-5160-c894-3233d9930415.live_data,105.000000,,,,xtfbSOmziO,1001,
30001,,,-25200000,,"10/29/2024, 3:31:41 PM","10/29/2024, 3:30:10 PM",,,com.sec.android.app.shealth,143.179501,,2803893,,,,,,"10/29/2024, 3:31:41 PM",,,6105.106000,,6691,168.337429,,,,,5b277861-1b63-50b4-5ab1-1d515c35349e,,169.000000,2.694444,2.291056,"10/29/2024, 2:43:26 PM",465.000000,137.000000,5b277861-1b63-50b4-5ab1-1d515c35349e.live_data,92.000000,,,,xtfbSOmziO,1002,
30001,,,-25200000,,"10/24/2024, 8:45:25 PM","10/24/2024, 8:43:53 PM",,,com.sec.android.app.shealth,,,1544599,,,,,,"10/24/2024, 8:45:25 PM",,,1790.722000,,2411,,,,,,d832ddab-1d52-1aec-2f6e-596272d31f7c,,105.000000,1.555556,1.377733,"10/24/2024, 8:18:09 PM",126.000000,86.000000,d832ddab-1d52-1aec-2f6e-596272d31f7c.live_data,67.000000,,,,xtfbSOmziO,1001,
30001,,,-25200000,,"10/25/2024, 8:41:10 AM","10/25/2024, 8:39:38 AM",,,com.sec.android.app.shealth,,,2561604,,,,,,"10/25/2024, 8:41:10 AM",,,3275.825000,,4280,,,,,,310e644e-bfdb-0c28-6822-cf8573c386bc,,94.000000,1.819922,1.416515,"10/25/2024, 7:56:57 AM",212.000000,81.000000,310e644e-bfdb-0c28-6822-cf8573c386bc.live_data,66.000000,,,,xtfbSOmziO,1001,
30001,,,-25200000,,"10/25/2024, 8:12:20 PM","10/25/2024, 8:10:48 PM",,,com.sec.android.app.shealth,,,1218512,,,,,,"10/25/2024, 8:12:20 PM",,,1578.740000,,2058,,,,,,6e13e9b9-0133-9fde-c4f8-34442ad0d4cd,,92.000000,1.629703,1.409071,"10/25/2024, 7:50:30 PM",100.000000,83.000000,6e13e9b9-0133-9fde-c4f8-34442ad0d4cd.live_data,72.000000,,,,xtfbSOmziO,1001,
30001,,,-25200000,,"10/26/2024, 7:53:40 AM","10/26/2024, 7:52:09 AM",,,com.sec.android.app.shealth,,,1363696,,,,,,"10/26/2024, 7:53:40 AM",,,1703.714000,,2246,,,,,,997eac6d-7b0f-fb30-fffd-59da88f42283,,126.000000,1.500000,1.415784,"10/26/2024, 7:29:25 AM",117.000000,100.000000,997eac6d-7b0f-fb30-fffd-59da88f42283.live_data,72.000000,,,,xtfbSOmziO,1001,
30001,,,-25200000,,"10/26/2024, 7:08:53 PM","10/26/2024, 7:07:22 PM",,,com.sec.android.app.shealth,123.615117,,5037248,,,,,,"10/26/2024, 7:08:53 PM",,,8902.292000,,10378,184.893371,,,,,9f80e84b-6ad8-9a43-87c2-13d22aadd3a1,,172.000000,2.744357,1.893787,"10/26/2024, 5:43:25 PM",633.000000,110.000000,9f80e84b-6ad8-9a43-87c2-13d22aadd3a1.live_data,91.000000,,,,xtfbSOmziO,1002,
30001,,,-25200000,,"10/27/2024, 5:59:09 PM","10/27/2024, 5:57:37 PM",,,com.sec.android.app.shealth,,,2670565,,,,,,"10/27/2024, 5:59:09 PM",,,3337.022000,,4380,,,,,,308a9e16-a3b2-2766-a808-9a7423e4e102,,107.000000,1.888889,1.410749,"10/27/2024, 5:13:07 PM",220.000000,93.000000,308a9e16-a3b2-2766-a808-9a7423e4e102.live_data,83.000000,,,,xtfbSOmziO,1001,
30001,,,-25200000,,"10/28/2024, 8:48:50 AM","10/28/2024, 8:47:18 AM",,,com.sec.android.app.shealth,,,1208199,,,,,,"10/28/2024, 8:48:50 AM",,,1386.656000,,1818,,,,,,461453a5-a1ba-d95c-7cc3-6b4f43b79b5e,,108.000000,1.805556,1.441418,"10/28/2024, 8:27:10 AM",98.000000,92.000000,461453a5-a1ba-d95c-7cc3-6b4f43b79b5e.live_data,68.000000,,,,xtfbSOmziO,1001,
30001,,,-25200000,,"10/28/2024, 3:49:26 PM","10/28/2024, 3:47:53 PM",,,com.sec.android.app.shealth,,,2308632,,,,,,"10/28/2024, 3:49:26 PM",,,3014.680000,,3950,,,,,,3caa6062-e730-3e2e-c838-6156dec6898b,,121.000000,1.700678,1.425597,"10/28/2024, 3:09:25 PM",192.000000,98.000000,3caa6062-e730-3e2e-c838-6156dec6898b.live_data,83.000000,,,,xtfbSOmziO,1001,
30001,,,-25200000,,"10/28/2024, 9:11:29 PM","10/28/2024, 9:09:58 PM",,,com.sec.android.app.shealth,,,624150,,,,,,"10/28/2024, 9:11:29 PM",,,605.678000,,862,,,,,,15953deb-af82-b27b-ee7b-282828330614,,92.000000,1.584604,1.389990,"10/28/2024, 8:59:34 PM",51.000000,80.000000,15953deb-af82-b27b-ee7b-282828330614.live_data,59.000000,,,,xtfbSOmziO,1001,
30001,,,-25200000,,"10/29/2024, 10:48:41 AM","10/29/2024, 10:47:10 AM",,,com.sec.android.app.shealth,,,1180008,,,,,,"10/29/2024, 10:48:41 AM",,,1407.202000,,1860,,,,,,9b8ecac2-5ced-ef2a-8cf2-f74f1b019f93,,102.000000,1.555556,1.436121,"10/29/2024, 10:27:30 AM",98.000000,84.000000,9b8ecac2-5ced-ef2a-8cf2-f74f1b019f93.live_data,73.000000,,,,xtfbSOmziO,1001,
30001,,,-25200000,,"10/23/2024, 12:12:37 PM","10/23/2024, 12:12:35 PM",,,com.sec.android.app.shealth,105.579810,,2184621,,,,,,"10/23/2024, 12:12:37 PM",,,2783.393000,,3842,144.371000,,13.674154,,,9e5e060f-18fa-c4b8-a420-73c013d18209,,139.000000,1.773000,1.274084,"10/23/2024, 11:13:20 AM",178.223000,122.000000,9e5e060f-18fa-c4b8-a420-73c013d18209.live_data,108.000000,-0.778605,,,xtfbSOmziO,1001,
30001,,,-25200000,,"10/19/2024, 9:00:52 AM","10/19/2024, 8:59:21 AM",,,com.sec.android.app.shealth,,,1055103,,,,,,"10/19/2024, 9:00:52 AM",,,1037.460000,,1466,,,,,,aa5704a9-4d3d-6558-e7a3-01ac45809fc4,,116.000000,1.503460,1.326871,"10/19/2024, 8:41:46 AM",85.000000,101.000000,aa5704a9-4d3d-6558-e7a3-01ac45809fc4.live_data,82.000000,,,,xtfbSOmziO,1001,
30001,,,-25200000,,"10/20/2024, 12:59:15 PM","10/20/2024, 12:57:42 PM",,,com.sec.android.app.shealth,,,9628530,,,,,,"10/20/2024, 12:59:15 PM",,,9656.181000,,16297,,,,,,e74ec15c-a405-e0ff-f1de-e0b5945de054,,140.000000,1.704882,1.295347,"10/20/2024, 10:17:14 AM",858.000000,110.000000,e74ec15c-a405-e0ff-f1de-e0b5945de054.live_data,79.000000,,,,xtfbSOmziO,1001,
30001,,,-25200000,,"10/21/2024, 11:07:47 AM","10/21/2024, 11:06:16 AM",,,com.sec.android.app.shealth,,,1391405,,,,,,"10/21/2024, 11:07:47 AM",,,1620.280000,,2289,,,,,,58c27967-0455-019f-cfe1-78b591fe4000,,98.000000,1.515214,1.315176,"10/21/2024, 10:43:04 AM",113.000000,87.000000,58c27967-0455-019f-cfe1-78b591fe4000.live_data,75.000000,,,,xtfbSOmziO,1001,
30001,,,-25200000,,"10/21/2024, 7:02:32 PM","10/21/2024, 7:00:59 PM",,,com.sec.android.app.shealth,,,772161,,,,,,"10/21/2024, 7:02:32 PM",,,888.902000,,1279,,,,,,0a2c8566-1470-9db1-9852-511a2d7ded8e,,98.000000,1.686105,1.320798,"10/21/2024, 6:48:07 PM",64.000000,86.000000,0a2c8566-1470-9db1-9852-511a2d7ded8e.live_data,69.000000,,,,xtfbSOmziO,1001,
30001,,,-25200000,,"10/21/2024, 7:33:14 PM","10/21/2024, 7:31:43 PM",,,com.sec.android.app.shealth,,,1661483,,,,,,"10/21/2024, 7:33:14 PM",,,1983.140000,,2785,,,,,,32c4b389-be17-2fb0-c7de-a7296ec4e77c,,102.000000,1.444444,1.276511,"10/21/2024, 7:04:02 PM",131.000000,87.000000,32c4b389-be17-2fb0-c7de-a7296ec4e77c.live_data,69.000000,,,,xtfbSOmziO,1001,
30001,,,-25200000,,"10/21/2024, 7:48:26 PM","10/21/2024, 7:46:54 PM",,,com.sec.android.app.shealth,,,801882,,,,,,"10/21/2024, 7:48:26 PM",,,704.570000,,1037,,,,,,d3859e01-912c-588a-cfbf-d78b738c9121,,134.000000,1.672606,1.287434,"10/21/2024, 7:33:32 PM",62.000000,105.000000,d3859e01-912c-588a-cfbf-d78b738c9121.live_data,87.000000,,,,xtfbSOmziO,1001,
30001,,,-25200000,,"10/22/2024, 12:16:59 PM","10/22/2024, 12:15:27 PM",,,com.sec.android.app.shealth,134.184360,,1727325,,,,,,"10/22/2024, 12:16:59 PM",,,3417.454000,,3863,178.906631,,,,,af509706-9b59-de79-3548-b3c015a57e22,,189.000000,2.861111,2.131446,"10/22/2024, 11:46:39 AM",258.000000,144.000000,af509706-9b59-de79-3548-b3c015a57e22.live_data,89.000000,,,,xtfbSOmziO,1002,
30001,,,-25200000,,"10/22/2024, 6:15:53 PM","10/22/2024, 6:14:22 PM",,,com.sec.android.app.shealth,,,1437556,,,,,,"10/22/2024, 6:15:53 PM",,,1589.571000,,2247,,,,,,2730884e-840d-b662-e18d-48c82e3ac8ea,,119.000000,1.670299,1.316376,"10/22/2024, 5:50:24 PM",116.000000,101.000000,2730884e-840d-b662-e18d-48c82e3ac8ea.live_data,85.000000,,,,xtfbSOmziO,1001,
30001,,,-25200000,,"10/12/2024, 7:43:06 PM","10/12/2024, 7:41:34 PM",,,com.sec.android.app.shealth,,,1143042,,,,,,"10/12/2024, 7:43:06 PM",,,1165.270000,,1661,,,,,,3b0a5760-6731-4e11-ec43-88c323f94095,,105.000000,1.444444,1.232191,"10/12/2024, 7:22:31 PM",86.000000,91.000000,3b0a5760-6731-4e11-ec43-88c323f94095.live_data,81.000000,,,,xtfbSOmziO,1001,
30001,,,-25200000,,"10/13/2024, 12:49:41 PM","10/13/2024, 12:48:09 PM",,,com.sec.android.app.shealth,,,2359385,,,,,,"10/13/2024, 12:49:41 PM",,,2881.640000,,4084,,,,,,16b916e6-3e16-21bf-f20b-ae7a8e3b8296,,96.000000,1.444444,1.283158,"10/13/2024, 12:08:50 PM",184.000000,82.000000,16b916e6-3e16-21bf-f20b-ae7a8e3b8296.live_data,73.000000,,,,xtfbSOmziO,1001,
30001,,,-25200000,,"10/13/2024, 7:19:15 PM","10/13/2024, 7:17:44 PM",,,com.sec.android.app.shealth,,,2373002,,,,,,"10/13/2024, 7:19:15 PM",,,2892.149000,,4076,,,,,,7fef8c31-d84c-1ef5-d849-6fc6b02497f7,,118.000000,1.555556,1.286748,"10/13/2024, 6:38:11 PM",189.000000,91.000000,7fef8c31-d84c-1ef5-d849-6fc6b02497f7.live_data,76.000000,,,,xtfbSOmziO,1001,
30001,,,-25200000,,"10/15/2024, 9:28:39 AM","10/15/2024, 9:27:08 AM",,,com.sec.android.app.shealth,,,1369773,,,,,,"10/15/2024, 9:28:39 AM",,,1636.310000,,2314,,,,,,e19b84dc-cf12-a296-bf9e-47c857f86f52,,114.000000,1.500000,1.334914,"10/15/2024, 9:04:18 AM",111.000000,92.000000,e19b84dc-cf12-a296-bf9e-47c857f86f52.live_data,81.000000,,,,xtfbSOmziO,1001,
30001,,,-25200000,,"10/15/2024, 12:02:10 PM","10/15/2024, 12:00:38 PM",,,com.sec.android.app.shealth,146.320785,,2710483,,,,,,"10/15/2024, 12:02:10 PM",,,6026.381000,,6610,169.615772,,,,,fdb57c32-7c9e-da15-f45b-463be65b2a07,,172.000000,2.694444,2.336066,"10/15/2024, 11:15:28 AM",455.000000,152.000000,fdb57c32-7c9e-da15-f45b-463be65b2a07.live_data,105.000000,,,,xtfbSOmziO,1002,
30001,,,-25200000,,"10/15/2024, 8:12:55 PM","10/15/2024, 8:11:24 PM",,,com.sec.android.app.shealth,,,2555396,,,,,,"10/15/2024, 8:12:55 PM",,,1268.509000,,1809,,,,,,2d553bd9-b593-f7b4-8de0-77d68eaab7e1,,127.000000,1.861111,1.203676,"10/15/2024, 7:28:48 PM",186.000000,89.000000,2d553bd9-b593-f7b4-8de0-77d68eaab7e1.live_data,72.000000,,,,xtfbSOmziO,1001,
30001,,,-25200000,,"10/15/2024, 9:05:59 PM","10/15/2024, 9:04:27 PM",,,com.sec.android.app.shealth,,,912034,,,,,,"10/15/2024, 9:05:59 PM",,,1050.172000,,1480,,,,,,73f491ab-9875-40fe-3fda-10fe45a7f1eb,,91.000000,1.681237,1.332810,"10/15/2024, 8:49:15 PM",71.000000,79.000000,73f491ab-9875-40fe-3fda-10fe45a7f1eb.live_data,58.000000,,,,xtfbSOmziO,1001,
30001,,,-25200000,,"10/16/2024, 1:21:02 PM","10/16/2024, 1:19:32 PM",,,com.sec.android.app.shealth,,,1827429,,,,,,"10/16/2024, 1:21:02 PM",,,2241.738000,,3134,,,,,,72c0f49e-8df2-2d1f-7214-938451eacf1e,,97.000000,1.516268,1.348915,"10/16/2024, 12:49:04 PM",149.000000,84.000000,72c0f49e-8df2-2d1f-7214-938451eacf1e.live_data,77.000000,,,,xtfbSOmziO,1001,
30001,,,-25200000,,"10/16/2024, 5:54:44 PM","10/16/2024, 5:53:13 PM",,,com.sec.android.app.shealth,,,2288789,,,,,,"10/16/2024, 5:54:44 PM",,,2906.151000,,4059,,,,,,ce83d5a1-39c9-3d39-0b3d-7ca2ae7de0eb,,118.000000,2.055556,1.327910,"10/16/2024, 5:15:04 PM",185.000000,88.000000,ce83d5a1-39c9-3d39-0b3d-7ca2ae7de0eb.live_data,77.000000,,,,xtfbSOmziO,1001,
30001,,,-25200000,,"10/17/2024, 12:18:44 PM","10/17/2024, 12:17:12 PM",,,com.sec.android.app.shealth,,,2382576,,,,,,"10/17/2024, 12:18:44 PM",,,2943.099000,,4117,,,,,,02421eab-78e9-a673-47c1-fecd0bbd5b0a,,112.000000,1.616546,1.321583,"10/17/2024, 11:37:29 AM",189.000000,96.000000,02421eab-78e9-a673-47c1-fecd0bbd5b0a.live_data,81.000000,,,,xtfbSOmziO,1001,
30001,,,-25200000,,"10/17/2024, 7:35:55 PM","10/17/2024, 7:34:23 PM",,,com.sec.android.app.shealth,,,2929463,,,,,,"10/17/2024, 7:35:55 PM",,,3232.067000,,4671,,,,,,70c05d86-3309-4a8f-4057-9ce858520832,,121.000000,1.576695,1.261293,"10/17/2024, 6:45:33 PM",225.000000,95.000000,70c05d86-3309-4a8f-4057-9ce858520832.live_data,73.000000,,,,xtfbSOmziO,1001,
30001,,,-25200000,,"10/08/2024, 8:57:24 PM","10/08/2024, 8:55:52 PM",,,com.sec.android.app.shealth,,,976178,,,,,,"10/08/2024, 8:57:24 PM",,,883.020000,,1314,,,,,,2d4b0e5a-c835-c297-a741-e78d31131a3c,,101.000000,1.500000,1.206315,"10/08/2024, 8:39:36 PM",74.000000,87.000000,2d4b0e5a-c835-c297-a741-e78d31131a3c.live_data,68.000000,,,,xtfbSOmziO,1001,
30001,,,-25200000,,"10/12/2024, 1:17:15 PM","10/12/2024, 1:15:43 PM",,,com.sec.android.app.shealth,,,892107,,,,,,"10/12/2024, 1:17:15 PM",,,812.890000,,1083,,,,,,70437ff9-67a9-9ebf-8259-85b7540a1f1a,,132.000000,2.471043,1.483354,"10/12/2024, 1:00:51 PM",84.000000,103.000000,70437ff9-67a9-9ebf-8259-85b7540a1f1a.live_data,60.000000,,,,xtfbSOmziO,1001,
30001,,,-28800000,,"11/07/2024, 8:32:58 AM","11/07/2024, 8:28:22 AM",,,com.sec.android.app.shealth,,,1020160,,,,,,"11/07/2024, 8:29:53 AM",,,1314.590000,,1744,,,,,,0e5da72a-2435-8b22-4a88-f81e07676fce,,129.000000,1.454000,1.418121,"11/07/2024, 8:11:22 AM",88.000000,119.000000,0e5da72a-2435-8b22-4a88-f81e07676fce.live_data,109.000000,,,,xtfbSOmziO,1001,
30001,,,-28800000,,"11/07/2024, 11:27:19 AM","11/07/2024, 11:25:48 AM",,,com.sec.android.app.shealth,,,886100,,,,,,"11/07/2024, 11:27:19 AM",,,872.471000,,1176,,,,,,4b14f85d-c4ff-d5ad-046d-c356bde9fbe2,,126.000000,1.444444,1.353239,"11/07/2024, 11:11:01 AM",74.000000,102.000000,4b14f85d-c4ff-d5ad-046d-c356bde9fbe2.live_data,73.000000,,,,xtfbSOmziO,1001,
30001,,,-28800000,,"11/07/2024, 12:22:06 PM","11/07/2024, 12:20:35 PM",,,com.sec.android.app.shealth,142.306160,,2949275,,,,,,"11/07/2024, 12:22:06 PM",,,6443.844000,,6995,167.890871,,,,,6dec46df-b933-b24f-e13b-70fb534343c5,,153.000000,2.666667,2.340432,"11/07/2024, 11:31:26 AM",487.000000,103.000000,6dec46df-b933-b24f-e13b-70fb534343c5.live_data,88.000000,,,,xtfbSOmziO,1002,
,,,-28800000,,"11/08/2024, 6:54:28 AM","11/08/2024, 6:54:28 AM",9d840e66-d9a7-7338-2280-b54048c4b305.additional,,com.sec.android.app.shealth,,,1234320,,,,,,"11/08/2024, 6:54:28 AM",,,25.000000,,,,,,,,9d840e66-d9a7-7338-2280-b54048c4b305,,129.000000,1.352814,1.352814,"11/08/2024, 6:33:03 AM",228.919998,95.000000,9d840e66-d9a7-7338-2280-b54048c4b305.live_data,77.000000,,,,xtfbSOmziO,14001,
30001,,,-28800000,,"11/08/2024, 7:23:41 AM","11/08/2024, 7:22:10 AM",,,com.sec.android.app.shealth,,,1652887,,,,,,"11/08/2024, 7:23:41 AM",,,1881.421405,,2447,,,,,,2c843cba-d0e8-89af-50bf-8fa3a0b797d6,,112.000000,1.972222,1.428534,"11/08/2024, 6:54:37 AM",137.000000,88.000000,2c843cba-d0e8-89af-50bf-8fa3a0b797d6.live_data,52.000000,,,,xtfbSOmziO,1001,
30001,,,-28800000,,"11/08/2024, 8:04:14 AM","11/08/2024, 8:02:42 AM",,,com.sec.android.app.shealth,,,1377649,,,,,,"11/08/2024, 8:04:14 AM",,,1858.432000,,2401,,,,,,7f256f9d-cf2a-96df-9ae8-1d27af0993cd,,117.000000,1.656043,1.455125,"11/08/2024, 7:39:44 AM",116.000000,103.000000,7f256f9d-cf2a-96df-9ae8-1d27af0993cd.live_data,88.000000,,,,xtfbSOmziO,1001,
30001,,,-28800000,,"11/08/2024, 8:40:45 AM","11/08/2024, 8:39:13 AM",,,com.sec.android.app.shealth,,,2082449,,,,,,"11/08/2024, 8:40:45 AM",,,2640.791000,,3587,,,,,,a301df6d-c357-7905-d718-d64280251aa3,,134.000000,1.583333,1.438477,"11/08/2024, 8:04:31 AM",182.000000,111.000000,a301df6d-c357-7905-d718-d64280251aa3.live_data,92.000000,,,,xtfbSOmziO,1001,
30001,,,-28800000,,"11/08/2024, 5:04:03 PM","11/08/2024, 5:02:33 PM",,,com.sec.android.app.shealth,,,3349442,,,,,,"11/08/2024, 5:04:03 PM",,,4388.869000,,5781,,,,,,ae084e63-d374-ab47-26e7-dd37e0dd5428,,131.000000,1.510333,1.430905,"11/08/2024, 4:06:43 PM",284.000000,104.000000,ae084e63-d374-ab47-26e7-dd37e0dd5428.live_data,81.000000,,,,xtfbSOmziO,1001,
30001,,,-28800000,,"11/08/2024, 6:06:28 PM","11/08/2024, 6:04:59 PM",,,com.sec.android.app.shealth,,,1219350,,,,,,"11/08/2024, 6:06:28 PM",,,1436.757000,,1929,,,,,,8e21edde-e869-3e59-ebdc-3faacd487c40,,122.000000,1.660383,1.393322,"11/08/2024, 5:44:39 PM",103.000000,99.000000,8e21edde-e869-3e59-ebdc-3faacd487c40.live_data,87.000000,,,,xtfbSOmziO,1001,
30001,,,-28800000,,"11/09/2024, 9:48:18 AM","11/09/2024, 9:46:47 AM",,,com.sec.android.app.shealth,,,1082986,,,,,,"11/09/2024, 9:48:18 AM",,,1158.178000,,1531,,,,,,75ea3c0e-f0b3-79fb-b443-bd1145b58821,,120.000000,1.875457,1.414002,"11/09/2024, 9:28:44 AM",89.000000,102.000000,75ea3c0e-f0b3-79fb-b443-bd1145b58821.live_data,89.000000,,,,xtfbSOmziO,1001,
30001,,,-28800000,,"11/09/2024, 7:38:13 PM","11/09/2024, 7:36:41 PM",,,com.sec.android.app.shealth,,,4235078,,,,,,"11/09/2024, 7:38:13 PM",,,5216.508000,,6887,,,,,,db0bb1c7-b0e6-545e-ce0a-c9fd0f2adde9,,120.000000,1.638889,1.361676,"11/09/2024, 6:26:06 PM",348.000000,95.000000,db0bb1c7-b0e6-545e-ce0a-c9fd0f2adde9.live_data,74.000000,,,,xtfbSOmziO,1001,
30001,,,-28800000,,"11/10/2024, 1:39:01 PM","11/10/2024, 1:37:31 PM",,,com.sec.android.app.shealth,,,4909638,,,,,,"11/10/2024, 1:39:01 PM",,,6664.102000,,8727,,,,,,16c23cb2-212c-2ca1-7283-e574fd61b382,,99.000000,1.586781,1.422041,"11/10/2024, 12:15:41 PM",407.000000,83.000000,16c23cb2-212c-2ca1-7283-e574fd61b382.live_data,69.000000,,,,xtfbSOmziO,1001,
,,,-28800000,,"11/10/2024, 5:37:20 PM","11/10/2024, 5:37:20 PM",,,com.sec.android.app.shealth,,,1378130,,,,,,"11/10/2024, 5:37:20 PM",,,,,,,,,,,c64592e4-e882-7e07-d294-730f7967f55a,,166.000000,,,"11/10/2024, 5:14:22 PM",200.799999,128.000000,c64592e4-e882-7e07-d294-730f7967f55a.live_data,69.000000,,,,xtfbSOmziO,10007,
30001,,,-28800000,,"11/10/2024, 6:00:56 PM","11/10/2024, 5:59:23 PM",,,com.sec.android.app.shealth,,,671802,,,,,,"11/10/2024, 6:00:56 PM",,,870.217000,,1175,,,,,,34421d97-0a34-7f49-b77d-913246862a43,,106.000000,1.500000,1.389012,"11/10/2024, 5:48:11 PM",58.000000,98.000000,34421d97-0a34-7f49-b77d-913246862a43.live_data,92.000000,,,,xtfbSOmziO,1001,
30001,,,-28800000,,"11/11/2024, 12:24:04 PM","11/11/2024, 12:22:31 PM",,,com.sec.android.app.shealth,,,615858,,,,,,"11/11/2024, 12:24:04 PM",,,833.340000,,1091,,,,,,b5a5323c-61cb-f78c-5cb6-8765987902b0,,151.000000,2.500000,1.646868,"11/11/2024, 12:12:16 PM",73.000000,116.000000,b5a5323c-61cb-f78c-5cb6-8765987902b0.live_data,88.000000,,,,xtfbSOmziO,1001,
30001,,,-28800000,,"11/11/2024, 12:51:21 PM","11/11/2024, 12:49:49 PM",,,com.sec.android.app.shealth,,,1407506,,,,,,"11/11/2024, 12:51:21 PM",,,1999.831000,,2573,,,,,,7d11519e-add9-696d-5f9e-f00231267433,,114.000000,1.694444,1.486903,"11/11/2024, 12:26:21 PM",124.000000,99.000000,7d11519e-add9-696d-5f9e-f00231267433.live_data,89.000000,,,,xtfbSOmziO,1001,
,,,-28800000,,"11/11/2024, 2:56:06 PM","11/11/2024, 2:56:06 PM",59080d2e-56cb-8a37-977d-b970ec88c1ca.additional,,com.sec.android.app.shealth,,,420,,,,,,"11/11/2024, 2:56:06 PM",,,0.000000,,,,,,,,59080d2e-56cb-8a37-977d-b970ec88c1ca,,,,0.000000,"11/11/2024, 2:55:52 PM",0.007690,,,,,,,xtfbSOmziO,14001,
,,,-28800000,,"11/11/2024, 3:29:33 PM","11/11/2024, 3:29:33 PM",,,com.sec.android.app.shealth,,,1990610,,,,,,"11/11/2024, 3:29:33 PM",,,,,,,,,,,b35bffb4-45e7-6c9c-6b86-0b3d2ca747df,,118.000000,,,"11/11/2024, 2:56:22 PM",205.179998,95.000000,b35bffb4-45e7-6c9c-6b86-0b3d2ca747df.live_data,75.000000,,,,xtfbSOmziO,10007,
30001,,,-28800000,,"11/11/2024, 6:20:37 PM","11/11/2024, 6:19:05 PM",,,com.sec.android.app.shealth,,,1798152,,,,,,"11/11/2024, 6:20:37 PM",,,1988.218000,,2663,,,,,,934a35a0-bb0d-590a-3624-0ad3932f805a,,108.000000,1.741519,1.428892,"11/11/2024, 5:49:07 PM",148.000000,89.000000,934a35a0-bb0d-590a-3624-0ad3932f805a.live_data,75.000000,,,,xtfbSOmziO,1001,
30001,,,-28800000,,"11/12/2024, 7:50:38 AM","11/12/2024, 7:49:07 AM",,,com.sec.android.app.shealth,,,1320031,,,,,,"11/12/2024, 7:50:38 AM",,,1677.573000,,2212,,,,,,9d2fe655-7e8c-39c0-1bc4-e2b1350c6b28,,105.000000,1.508333,1.405085,"11/12/2024, 7:27:07 AM",111.000000,89.000000,9d2fe655-7e8c-39c0-1bc4-e2b1350c6b28.live_data,64.000000,,,,xtfbSOmziO,1001,
30001,,,-28800000,,"11/12/2024, 12:51:47 PM","11/12/2024, 12:50:15 PM",,,com.sec.android.app.shealth,,,1058360,,,,,,"11/12/2024, 12:51:47 PM",,,986.788000,,1340,,,,,,0b5ab20b-44a0-745a-4600-cdb8d53391f2,,126.000000,1.639983,1.394937,"11/12/2024, 12:32:37 PM",90.000000,98.000000,0b5ab20b-44a0-745a-4600-cdb8d53391f2.live_data,77.000000,,,,xtfbSOmziO,1001,
,,,-28800000,,"11/13/2024, 8:20:11 AM","11/12/2024, 3:28:20 PM",,,com.sec.android.app.shealth,,,760290,,,,,,"11/13/2024, 8:20:11 AM",,,,,,,,,,,0c5e8b9c-0e84-6707-917b-46617739f858,,149.000000,,,"11/12/2024, 3:15:40 PM",98.120000,123.000000,0c5e8b9c-0e84-6707-917b-46617739f858.live_data,85.000000,,,,xtfbSOmziO,10007,
30001,,,-28800000,,"11/13/2024, 8:48:46 AM","11/13/2024, 8:47:15 AM",,,com.sec.android.app.shealth,,,1604877,,,,,,"11/13/2024, 8:48:46 AM",,,2032.160000,,2676,,,,,,9aebeea1-aac8-1369-902f-958c643e321f,,107.000000,1.541167,1.406306,"11/13/2024, 8:20:31 AM",135.000000,95.000000,9aebeea1-aac8-1369-902f-958c643e321f.live_data,84.000000,,,,xtfbSOmziO,1001,
30001,,,-28800000,,"11/13/2024, 11:51:39 AM","11/13/2024, 11:50:09 AM",,,com.sec.android.app.shealth,,,1062817,,,,,,"11/13/2024, 11:51:39 AM",,,1383.940000,,1850,,,,,,35383d88-a13e-2926-97eb-2ca88a24f91f,,114.000000,1.673944,1.440477,"11/13/2024, 11:32:26 AM",96.000000,91.000000,35383d88-a13e-2926-97eb-2ca88a24f91f.live_data,81.000000,,,,xtfbSOmziO,1001,
30001,,,-28800000,,"11/13/2024, 2:55:05 PM","11/13/2024, 2:53:35 PM",,,com.sec.android.app.shealth,135.205658,,2753583,,,,,,"11/13/2024, 2:55:05 PM",,,5681.169000,,6205,171.700508,,,,,eef461a0-d356-cce0-c39d-7ff665ace6da,,164.000000,2.750000,2.264036,"11/13/2024, 2:07:41 PM",439.000000,111.000000,eef461a0-d356-cce0-c39d-7ff665ace6da.live_data,79.000000,,,,xtfbSOmziO,1002,
30001,,,-28800000,,"11/29/2024, 2:10:57 PM","11/29/2024, 2:09:26 PM",,,com.sec.android.app.shealth,,,2527507,,,,,,"11/29/2024, 2:10:57 PM",,,3116.904000,,4114,,,,,,5f0e3300-0456-fd20-35f0-31946c3573b1,,118.000000,1.507527,1.367315,"11/29/2024, 1:27:19 PM",205.000000,88.000000,5f0e3300-0456-fd20-35f0-31946c3573b1.live_data,77.000000,,,,xtfbSOmziO,1001,
30001,,,-28800000,,"11/29/2024, 8:54:14 PM","11/29/2024, 8:52:42 PM",,,com.sec.android.app.shealth,,,1842418,,,,,,"11/29/2024, 8:54:14 PM",,,2200.296000,,2961,,,,,,3aaf0cec-d775-b6fa-2e9f-4c38538b7b37,,109.000000,1.546558,1.319213,"11/29/2024, 8:22:00 PM",149.000000,91.000000,3aaf0cec-d775-b6fa-2e9f-4c38538b7b37.live_data,78.000000,,,,xtfbSOmziO,1001,
30001,,,-28800000,,"11/29/2024, 9:25:43 PM","11/29/2024, 9:24:13 PM",,,com.sec.android.app.shealth,,,1059573,,,,,,"11/29/2024, 9:25:43 PM",,,1236.128000,,1634,,,,,,35f1cf51-46dd-cd6b-2381-985954a598ac,,109.000000,1.802686,1.341161,"11/29/2024, 9:06:33 PM",86.000000,94.000000,35f1cf51-46dd-cd6b-2381-985954a598ac.live_data,73.000000,,,,xtfbSOmziO,1001,
30001,,,-28800000,,"11/30/2024, 8:25:12 AM","11/30/2024, 8:23:42 AM",,,com.sec.android.app.shealth,,,640750,,,,,,"11/30/2024, 8:25:12 AM",,,659.248000,,839,,,,,,5e4f2f45-2529-ab60-0495-d4535fa6a6c4,,149.000000,2.444275,1.664899,"11/30/2024, 8:13:01 AM",63.000000,105.000000,5e4f2f45-2529-ab60-0495-d4535fa6a6c4.live_data,85.000000,,,,xtfbSOmziO,1001,
30001,,,-28800000,,"11/30/2024, 11:01:54 AM","11/30/2024, 11:00:22 AM",,,com.sec.android.app.shealth,,,1224892,,,,,,"11/30/2024, 11:01:54 AM",,,1547.542000,,2048,,,,,,0f3f5832-4088-8158-4613-80060cb2248c,,112.000000,1.583333,1.425513,"11/30/2024, 10:39:58 AM",108.000000,91.000000,0f3f5832-4088-8158-4613-80060cb2248c.live_data,78.000000,,,,xtfbSOmziO,1001,
30001,,,-28800000,,"11/30/2024, 5:09:18 PM","11/30/2024, 5:07:47 PM",,,com.sec.android.app.shealth,,,2705508,,,,,,"11/30/2024, 5:09:18 PM",,,3348.054000,,4453,,,,,,beadbe64-5e24-3b94-f8d3-9e1a6395bf85,,138.000000,1.638889,1.347734,"11/30/2024, 4:22:42 PM",218.000000,119.000000,beadbe64-5e24-3b94-f8d3-9e1a6395bf85.live_data,101.000000,,,,xtfbSOmziO,1001,
30001,,,-28800000,,"12/01/2024, 9:14:16 AM","12/01/2024, 9:12:45 AM",,,com.sec.android.app.shealth,,,1095140,,,,,,"12/01/2024, 9:14:16 AM",,,1303.502000,,1737,,,,,,f9da3ca1-9eac-3a11-3a7c-5e62ecc01bf0,,140.000000,1.472222,1.381287,"12/01/2024, 8:54:29 AM",91.000000,107.000000,f9da3ca1-9eac-3a11-3a7c-5e62ecc01bf0.live_data,80.000000,,,,xtfbSOmziO,1001,
30001,,,-28800000,,"12/01/2024, 1:00:31 PM","12/01/2024, 12:59:00 PM",,,com.sec.android.app.shealth,,,5421894,,,,,,"12/01/2024, 1:00:31 PM",,,4307.953000,,7865,,,,,,e87a1f75-3325-aeed-b291-7f5981d3a8b4,,162.000000,1.652603,1.221620,"12/01/2024, 11:28:38 AM",590.000000,127.000000,e87a1f75-3325-aeed-b291-7f5981d3a8b4.live_data,76.000000,,,,xtfbSOmziO,1001,
30001,,,-28800000,,"12/01/2024, 2:14:26 PM","12/01/2024, 2:12:55 PM",,,com.sec.android.app.shealth,,,3979014,,,,,,"12/01/2024, 2:14:26 PM",,,4138.498000,,7563,,,,,,6811f1c8-69e1-3631-2e37-f500a3ebdd2c,,150.000000,2.075807,1.555714,"12/01/2024, 1:06:36 PM",295.000000,115.000000,6811f1c8-69e1-3631-2e37-f500a3ebdd2c.live_data,90.000000,,,,xtfbSOmziO,1001,
30001,,,-28800000,,"12/02/2024, 8:07:32 AM","12/02/2024, 8:06:02 AM",,,com.sec.android.app.shealth,,,1589626,,,,,,"12/02/2024, 8:07:32 AM",,,1611.471000,,2198,,,,,,2acd19bb-80fd-b157-8bf3-06f955c5be30,,118.000000,2.000000,1.333126,"12/02/2024, 7:39:33 AM",127.000000,86.000000,2acd19bb-80fd-b157-8bf3-06f955c5be30.live_data,58.000000,,,,xtfbSOmziO,1001,
30001,,,-28800000,,"12/02/2024, 9:26:54 AM","12/02/2024, 9:25:23 AM",,,com.sec.android.app.shealth,,,1407361,,,,,,"12/02/2024, 9:26:54 AM",,,1773.432000,,2399,,,,,,92ec7964-3c7b-97e2-addf-bebc747d8c29,,117.000000,1.449500,1.285150,"12/02/2024, 9:01:56 AM",116.000000,97.000000,92ec7964-3c7b-97e2-addf-bebc747d8c29.live_data,55.000000,,,,xtfbSOmziO,1001,
30001,,,-28800000,,"12/02/2024, 8:24:16 PM","12/02/2024, 8:22:45 PM",,,com.sec.android.app.shealth,,,2638226,,,,,,"12/02/2024, 8:24:16 PM",,,3258.682000,,4304,,,,,,dce8e137-c4a0-079d-e40c-1f90754a872f,,127.000000,1.488662,1.350805,"12/02/2024, 7:38:47 PM",213.000000,99.000000,dce8e137-c4a0-079d-e40c-1f90754a872f.live_data,78.000000,,,,xtfbSOmziO,1001,
30001,,,-28800000,,"12/03/2024, 8:40:23 AM","12/03/2024, 8:38:51 AM",,,com.sec.android.app.shealth,,,1373482,,,,,,"12/03/2024, 8:40:23 AM",,,1674.427000,,2236,,,,,,70a1d1ea-a2d2-b153-4ef6-71dc7c7efaab,,117.000000,1.666667,1.392934,"12/03/2024, 8:15:58 AM",118.000000,94.000000,70a1d1ea-a2d2-b153-4ef6-71dc7c7efaab.live_data,74.000000,,,,xtfbSOmziO,1001,
30001,,,-28800000,,"11/26/2024, 6:50:38 PM","11/26/2024, 6:49:06 PM",,,com.sec.android.app.shealth,,,1577691,,,,,,"11/26/2024, 6:50:38 PM",,,2198.652000,,2886,,,,,,d27ead4d-c194-710a-c7c7-2ba18d085089,,109.000000,1.583333,1.406101,"11/26/2024, 6:22:48 PM",134.000000,97.000000,d27ead4d-c194-710a-c7c7-2ba18d085089.live_data,87.000000,,,,xtfbSOmziO,1001,
30001,,,-28800000,,"11/26/2024, 9:02:04 PM","11/26/2024, 9:00:32 PM",,,com.sec.android.app.shealth,,,1620465,,,,,,"11/26/2024, 9:02:04 PM",,,2281.906000,,2988,,,,,,7d95fbd2-b396-c02b-ed2f-c248dab75737,,122.000000,1.478500,1.430638,"11/26/2024, 8:33:32 PM",142.000000,96.000000,7d95fbd2-b396-c02b-ed2f-c248dab75737.live_data,83.000000,,,,xtfbSOmziO,1001,
30001,,,-28800000,,"11/27/2024, 3:44:10 PM","11/27/2024, 3:42:38 PM",,,com.sec.android.app.shealth,,,2416316,,,,,,"11/27/2024, 3:44:10 PM",,,3128.230000,,4104,,,,,,1fa41904-5ee0-418a-12bd-6f9fc55b774e,,110.000000,1.482000,1.400165,"11/27/2024, 3:02:21 PM",202.000000,86.000000,1fa41904-5ee0-418a-12bd-6f9fc55b774e.live_data,71.000000,,,,xtfbSOmziO,1001,
30001,,,-28800000,,"11/27/2024, 5:02:28 PM","11/27/2024, 5:00:56 PM",,,com.sec.android.app.shealth,,,3354856,,,,,,"11/27/2024, 5:02:28 PM",,,6782.017000,,7466,,,,,,db3d34b5-f2da-f82a-0191-c469209275bd,,177.000000,2.701282,2.258057,"11/27/2024, 4:05:01 PM",526.000000,136.000000,db3d34b5-f2da-f82a-0191-c469209275bd.live_data,76.000000,,,,xtfbSOmziO,1001,
30001,,,-28800000,,"11/28/2024, 1:07:29 PM","11/28/2024, 1:05:57 PM",,,com.sec.android.app.shealth,,,604898,,,,,,"11/28/2024, 1:07:29 PM",,,623.943000,,845,,,,,,966b2424-cf51-3a22-50dc-10a22d79e8bb,,107.000000,1.583333,1.389213,"11/28/2024, 12:55:53 PM",52.000000,90.000000,966b2424-cf51-3a22-50dc-10a22d79e8bb.live_data,78.000000,,,,xtfbSOmziO,1001,
30001,,,-28800000,,"11/28/2024, 2:34:52 PM","11/28/2024, 2:33:21 PM",,,com.sec.android.app.shealth,,,4133338,,,,,,"11/28/2024, 2:34:52 PM",,,3896.168000,,6713,,,,,,830ecd9d-f4be-5ad9-2489-75ecd90df8b7,,137.000000,1.626934,1.296658,"11/28/2024, 1:24:28 PM",380.000000,114.000000,830ecd9d-f4be-5ad9-2489-75ecd90df8b7.live_data,95.000000,,,,xtfbSOmziO,1001,
30001,,,-28800000,,"11/28/2024, 4:15:29 PM","11/28/2024, 4:13:58 PM",,,com.sec.android.app.shealth,,,1008937,,,,,,"11/28/2024, 4:15:29 PM",,,1155.249000,,1537,,,,,,0c2937d2-26ee-35ae-a472-d1ed4fd53714,,123.000000,1.638889,1.414584,"11/28/2024, 3:57:09 PM",87.000000,106.000000,0c2937d2-26ee-35ae-a472-d1ed4fd53714.live_data,89.000000,,,,xtfbSOmziO,1001,
30001,,,-28800000,,"11/29/2024, 8:59:51 AM","11/29/2024, 8:58:20 AM",,,com.sec.android.app.shealth,,,2061211,,,,,,"11/29/2024, 8:59:51 AM",,,2479.170000,,3266,,,,,,7699604f-7d03-3c5e-2b05-f032277a9e61,,139.000000,2.033377,1.427132,"11/29/2024, 8:23:59 AM",169.000000,105.000000,7699604f-7d03-3c5e-2b05-f032277a9e61.live_data,90.000000,,,,xtfbSOmziO,1001,
30001,,,-28800000,,"11/21/2024, 1:15:50 PM","11/21/2024, 1:14:19 PM",,,com.sec.android.app.shealth,,,676323,,,,,,"11/21/2024, 1:15:50 PM",,,808.600000,,1074,,,,,,664bb557-87a2-087d-5f3c-445e4414ebcf,,127.000000,1.638889,1.430288,"11/21/2024, 1:03:02 PM",58.000000,102.000000,664bb557-87a2-087d-5f3c-445e4414ebcf.live_data,87.000000,,,,xtfbSOmziO,1001,
30001,,,-28800000,,"11/21/2024, 9:32:32 PM","11/21/2024, 9:31:01 PM",,,com.sec.android.app.shealth,,,2156084,,,,,,"11/21/2024, 9:32:32 PM",,,2559.109000,,3413,,,,,,cc7ad6ba-9587-d413-ed42-2bae6e01a02c,,156.000000,1.527778,1.353422,"11/21/2024, 8:55:05 PM",178.000000,132.000000,cc7ad6ba-9587-d413-ed42-2bae6e01a02c.live_data,115.000000,,,,xtfbSOmziO,1001,
30001,,,-28800000,,"11/22/2024, 8:41:59 AM","11/22/2024, 8:40:28 AM",,,com.sec.android.app.shealth,,,1030603,,,,,,"11/22/2024, 8:41:59 AM",,,1335.103000,,1751,,,,,,afce132b-1405-14a3-6823-935d73ae126d,,120.000000,1.722222,1.429732,"11/22/2024, 8:23:17 AM",89.000000,103.000000,afce132b-1405-14a3-6823-935d73ae126d.live_data,92.000000,,,,xtfbSOmziO,1001,
30001,,,-28800000,,"11/22/2024, 7:26:06 PM","11/22/2024, 7:24:36 PM",,,com.sec.android.app.shealth,,,1367656,,,,,,"11/22/2024, 7:26:06 PM",,,1459.813000,,1961,,,,,,5a21d695-67db-6cd9-d5bc-8d260749306d,,138.000000,2.372494,1.436616,"11/22/2024, 7:01:48 PM",118.000000,97.000000,5a21d695-67db-6cd9-d5bc-8d260749306d.live_data,82.000000,,,,xtfbSOmziO,1001,
30001,,,-28800000,,"11/23/2024, 7:51:31 AM","11/23/2024, 7:49:59 AM",,,com.sec.android.app.shealth,,,2102588,,,,,,"11/23/2024, 7:51:31 AM",,,2561.153000,,3364,,,,,,71ff59cd-6e91-4faa-40a1-5af17629527f,,112.000000,1.722222,1.425757,"11/23/2024, 7:14:56 AM",174.000000,91.000000,71ff59cd-6e91-4faa-40a1-5af17629527f.live_data,70.000000,,,,xtfbSOmziO,1001,
30001,,,-28800000,,"11/23/2024, 8:49:46 AM","11/23/2024, 8:48:14 AM",,,com.sec.android.app.shealth,142.670336,,2758387,,,,,,"11/23/2024, 8:49:46 AM",,,6098.374000,,6559,174.977403,,,,,40c56b8c-01e8-149b-123c-20ed231fb1ea,,173.000000,2.805556,2.385509,"11/23/2024, 8:02:16 AM",468.000000,152.000000,40c56b8c-01e8-149b-123c-20ed231fb1ea.live_data,95.000000,,,,xtfbSOmziO,1002,
30001,,,-28800000,,"11/23/2024, 3:25:22 PM","11/23/2024, 3:23:51 PM",,,com.sec.android.app.shealth,,,1717576,,,,,,"11/23/2024, 3:25:22 PM",,,2045.675000,,2699,,,,,,7d30f0dc-789e-4ed0-6194-4ab37cb4ba81,,119.000000,1.611111,1.390061,"11/23/2024, 2:55:14 PM",142.000000,99.000000,7d30f0dc-789e-4ed0-6194-4ab37cb4ba81.live_data,85.000000,,,,xtfbSOmziO,1001,
30001,,,-28800000,,"11/23/2024, 5:55:01 PM","11/23/2024, 5:53:30 PM",,,com.sec.android.app.shealth,,,3145631,,,,,,"11/23/2024, 5:55:01 PM",,,3549.689000,,4804,,,,,,4d6e148d-5321-8ead-f1a1-457ade7824ef,,116.000000,1.583333,1.322044,"11/23/2024, 5:01:05 PM",250.000000,92.000000,4d6e148d-5321-8ead-f1a1-457ade7824ef.live_data,62.000000,,,,xtfbSOmziO,1001,
30001,,,-28800000,,"11/24/2024, 8:03:16 AM","11/24/2024, 8:01:46 AM",,,com.sec.android.app.shealth,,,2274103,,,,,,"11/24/2024, 8:03:16 AM",,,2664.172000,,3496,,,,,,a6673bf7-f51a-415f-a217-59bd0572b2b3,,137.000000,1.861111,1.451191,"11/24/2024, 7:23:52 AM",186.000000,102.000000,a6673bf7-f51a-415f-a217-59bd0572b2b3.live_data,78.000000,,,,xtfbSOmziO,1001,
30001,,,-28800000,,"11/24/2024, 12:43:33 PM","11/24/2024, 12:42:02 PM",,,com.sec.android.app.shealth,,,3240177,,,,,,"11/24/2024, 12:43:33 PM",,,2851.499000,,4965,,,,,,cd106688-62c7-c1fa-e4d1-10f86c3f3828,,155.000000,1.500000,1.290552,"11/24/2024, 11:48:02 AM",341.000000,124.000000,cd106688-62c7-c1fa-e4d1-10f86c3f3828.live_data,89.000000,,,,xtfbSOmziO,1001,
30001,,,-28800000,,"11/24/2024, 1:21:25 PM","11/24/2024, 1:19:54 PM",,,com.sec.android.app.shealth,,,2062993,,,,,,"11/24/2024, 1:21:25 PM",,,2151.128000,,3922,,,,,,e92e90e2-2079-21e1-9d0a-bd78d5f9e7f7,,134.000000,1.777778,1.503137,"11/24/2024, 12:45:31 PM",160.000000,108.000000,e92e90e2-2079-21e1-9d0a-bd78d5f9e7f7.live_data,84.000000,,,,xtfbSOmziO,1001,
30001,,,-28800000,,"11/24/2024, 6:58:38 PM","11/24/2024, 6:57:07 PM",,,com.sec.android.app.shealth,,,1657362,,,,,,"11/24/2024, 6:58:38 PM",,,2135.230000,,2869,,,,,,5b59a6d6-e9fe-c0b2-05ff-760984ff7eee,,124.000000,1.500000,1.348167,"11/24/2024, 6:29:29 PM",137.000000,107.000000,5b59a6d6-e9fe-c0b2-05ff-760984ff7eee.live_data,70.000000,,,,xtfbSOmziO,1001,
30001,,,-28800000,,"11/24/2024, 7:45:24 PM","11/24/2024, 7:43:53 PM",,,com.sec.android.app.shealth,,,1032601,,,,,,"11/24/2024, 7:45:24 PM",,,1245.245000,,1669,,,,,,d4ce446e-5412-6cd3-a506-1ef540c17773,,117.000000,2.083333,1.325929,"11/24/2024, 7:26:40 PM",84.000000,105.000000,d4ce446e-5412-6cd3-a506-1ef540c17773.live_data,91.000000,,,,xtfbSOmziO,1001,
30001,,,-28800000,,"11/25/2024, 9:42:26 AM","11/25/2024, 9:40:53 AM",,,com.sec.android.app.shealth,,,2434354,,,,,,"11/25/2024, 9:42:26 AM",,,3132.178000,,4111,,,,,,87a461e5-e9d4-5b55-f004-008a3d6c225c,,116.000000,1.583333,1.410517,"11/25/2024, 9:00:18 AM",202.000000,93.000000,87a461e5-e9d4-5b55-f004-008a3d6c225c.live_data,53.000000,,,,xtfbSOmziO,1001,
30001,,,-28800000,,"11/25/2024, 12:51:53 PM","11/25/2024, 12:50:21 PM",,,com.sec.android.app.shealth,,,1150364,,,,,,"11/25/2024, 12:51:53 PM",,,1430.575000,,1902,,,,,,15ce7f09-f30e-4f56-019b-db526283022d,,140.000000,1.548263,1.393457,"11/25/2024, 12:31:11 PM",97.000000,117.000000,15ce7f09-f30e-4f56-019b-db526283022d.live_data,100.000000,,,,xtfbSOmziO,1001,
30001,,,-28800000,,"11/20/2024, 1:28:14 PM","11/20/2024, 1:26:43 PM",,,com.sec.android.app.shealth,,,1245163,,,,,,"11/20/2024, 1:28:14 PM",,,990.883000,,1422,,,,,,bb2742fc-21fc-9c68-4d16-ff1b171a01b0,,136.000000,1.647947,1.347231,"11/20/2024, 1:05:57 PM",102.000000,112.000000,bb2742fc-21fc-9c68-4d16-ff1b171a01b0.live_data,85.000000,,,,xtfbSOmziO,1001,
30001,,,-28800000,,"11/20/2024, 10:09:04 PM","11/20/2024, 10:07:32 PM",,,com.sec.android.app.shealth,,,2426485,,,,,,"11/20/2024, 10:09:04 PM",,,2744.519000,,3680,,,,,,bff0d260-faa3-29ee-aff6-be1f76cef0ad,,107.000000,1.552325,1.324866,"11/20/2024, 9:27:05 PM",197.000000,82.000000,bff0d260-faa3-29ee-aff6-be1f76cef0ad.live_data,58.000000,,,,xtfbSOmziO,1001,
30001,,,-28800000,,"11/21/2024, 8:40:02 AM","11/21/2024, 8:38:30 AM",,,com.sec.android.app.shealth,,,1903729,,,,,,"11/21/2024, 8:40:02 AM",,,2461.109000,,3241,,,,,,461e6ad2-6792-f0ca-a041-81aaaa288d88,,118.000000,1.750000,1.432736,"11/21/2024, 8:06:47 AM",164.000000,88.000000,461e6ad2-6792-f0ca-a041-81aaaa288d88.live_data,61.000000,,,,xtfbSOmziO,1001,
,,,-28800000,,"11/21/2024, 12:42:11 PM","11/21/2024, 12:42:12 PM",,,com.sec.android.app.shealth,,,2601450,,,,,,"11/21/2024, 12:42:11 PM",,,,,,,,,,,d386e7e2-9037-cda4-2c06-703b3a6c7c8d,,115.000000,,,"11/21/2024, 11:58:48 AM",248.559997,89.000000,d386e7e2-9037-cda4-2c06-703b3a6c7c8d.live_data,65.000000,,,,xtfbSOmziO,10007,
30001,,,-28800000,,"11/15/2024, 12:30:40 PM","11/15/2024, 12:29:08 PM",,,com.sec.android.app.shealth,,,1634613,,,,,,"11/15/2024, 12:30:40 PM",,,1442.643000,,1939,,,,,,b6411bac-5791-6cdf-2698-2bc300cebeac,,125.000000,1.666667,1.399214,"11/15/2024, 12:01:54 PM",132.000000,98.000000,b6411bac-5791-6cdf-2698-2bc300cebeac.live_data,80.000000,,,,xtfbSOmziO,1001,
30001,,,-28800000,,"11/15/2024, 3:56:05 PM","11/15/2024, 3:54:35 PM",,,com.sec.android.app.shealth,,,686668,,,,,,"11/15/2024, 3:56:05 PM",,,902.901000,,1166,,,,,,28154027-ce45-54ec-77be-a191425f42c3,,115.000000,1.500000,1.398984,"11/15/2024, 3:43:09 PM",59.000000,100.000000,28154027-ce45-54ec-77be-a191425f42c3.live_data,85.000000,,,,xtfbSOmziO,1001,
30001,,,-28800000,,"11/15/2024, 7:54:09 PM","11/15/2024, 7:52:39 PM",,,com.sec.android.app.shealth,,,623061,,,,,,"11/15/2024, 7:54:09 PM",,,812.120000,,1073,,,,,,e2e728e2-f637-8ac9-16af-f1b208d9d5e4,,100.000000,1.376350,1.329043,"11/15/2024, 7:42:16 PM",53.000000,92.000000,e2e728e2-f637-8ac9-16af-f1b208d9d5e4.live_data,79.000000,,,,xtfbSOmziO,1001,
30001,,,-28800000,,"11/15/2024, 9:09:04 PM","11/15/2024, 9:07:34 PM",,,com.sec.android.app.shealth,,,1456395,,,,,,"11/15/2024, 9:09:04 PM",,,1536.352000,,2108,,,,,,b6ca0b7d-e952-d9be-5bc9-03223e9c3aee,,127.000000,1.575764,1.401904,"11/15/2024, 8:43:17 PM",124.000000,99.000000,b6ca0b7d-e952-d9be-5bc9-03223e9c3aee.live_data,80.000000,,,,xtfbSOmziO,1001,
30001,,,-28800000,,"11/16/2024, 8:50:39 AM","11/16/2024, 8:49:08 AM",,,com.sec.android.app.shealth,,,678258,,,,,,"11/16/2024, 8:50:39 AM",,,964.400000,,1258,,,,,,9a95a57d-3cf4-06bc-bdd0-6ccb711043a4,,137.000000,1.856905,1.542930,"11/16/2024, 8:37:49 AM",58.000000,111.000000,9a95a57d-3cf4-06bc-bdd0-6ccb711043a4.live_data,92.000000,,,,xtfbSOmziO,1001,
30001,,,-28800000,,"11/16/2024, 9:41:16 AM","11/16/2024, 9:39:46 AM",,,com.sec.android.app.shealth,,,1467459,,,,,,"11/16/2024, 9:41:16 AM",,,1813.843000,,2410,,,,,,6a64b846-260a-f874-831b-2b8a721c88cb,,125.000000,1.416667,1.326064,"11/16/2024, 9:15:18 AM",120.000000,107.000000,6a64b846-260a-f874-831b-2b8a721c88cb.live_data,90.000000,,,,xtfbSOmziO,1001,
30001,,,-28800000,,"11/16/2024, 8:15:05 PM","11/16/2024, 8:13:35 PM",,,com.sec.android.app.shealth,,,1782690,,,,,,"11/16/2024, 8:15:05 PM",,,2121.100000,,2829,,,,,,05843897-9aa8-026d-ec1e-deb7dd1c8294,,124.000000,1.555556,1.338562,"11/16/2024, 7:43:52 PM",144.000000,101.000000,05843897-9aa8-026d-ec1e-deb7dd1c8294.live_data,79.000000,,,,xtfbSOmziO,1001,
30001,,,-28800000,,"11/17/2024, 11:24:45 AM","11/17/2024, 11:23:14 AM",,,com.sec.android.app.shealth,,,1916634,,,,,,"11/17/2024, 11:24:45 AM",,,2399.730000,,3176,,,,,,05b76e9b-b658-f0a6-d5e4-7dca440d32ab,,122.000000,1.555556,1.382158,"11/17/2024, 10:51:18 AM",157.000000,98.000000,05b76e9b-b658-f0a6-d5e4-7dca440d32ab.live_data,85.000000,,,,xtfbSOmziO,1001,
30001,,,-28800000,,"11/17/2024, 5:11:19 PM","11/17/2024, 5:09:49 PM",,,com.sec.android.app.shealth,,,1957013,,,,,,"11/17/2024, 5:11:19 PM",,,2397.221000,,3177,,,,,,36c43b4f-7a8c-00bd-0cb3-6b25fe13c41f,,114.000000,1.468966,1.349900,"11/17/2024, 4:37:12 PM",158.000000,90.000000,36c43b4f-7a8c-00bd-0cb3-6b25fe13c41f.live_data,77.000000,,,,xtfbSOmziO,1001,
30001,,,-28800000,,"11/19/2024, 12:50:50 PM","11/19/2024, 12:49:19 PM",,,com.sec.android.app.shealth,141.743597,,3060879,,,,,,"11/19/2024, 12:50:50 PM",,,6607.007000,,7231,170.860594,,,,,87bf6ea2-38b6-f830-f076-e8beed4d57b4,,175.000000,2.694444,2.284200,"11/19/2024, 11:58:18 AM",500.000000,149.000000,87bf6ea2-38b6-f830-f076-e8beed4d57b4.live_data,85.000000,,,,xtfbSOmziO,1002,
30001,,,-28800000,,"11/19/2024, 8:30:50 PM","11/19/2024, 8:29:20 PM",,,com.sec.android.app.shealth,,,2464778,,,,,,"11/19/2024, 8:30:50 PM",,,3162.611000,,4153,,,,,,71bfa146-c0f2-b026-433d-7c48b60807ad,,101.000000,1.583333,1.395919,"11/19/2024, 7:48:15 PM",205.000000,84.000000,71bfa146-c0f2-b026-433d-7c48b60807ad.live_data,53.000000,,,,xtfbSOmziO,1001,
30001,,,-28800000,,"11/20/2024, 5:52:34 AM","11/20/2024, 5:51:03 AM",,,com.sec.android.app.shealth,,,618216,,,,,,"11/20/2024, 5:52:34 AM",,,591.989000,,747,,,,,,5c5cf61d-85d9-1180-a415-c9beefacfa8b,,161.000000,2.540852,1.570063,"11/20/2024, 5:40:45 AM",62.000000,117.000000,5c5cf61d-85d9-1180-a415-c9beefacfa8b.live_data,92.000000,,,,xtfbSOmziO,1001,
30001,,,-28800000,,"11/20/2024, 7:18:52 AM","11/20/2024, 7:17:21 AM",,,com.sec.android.app.shealth,,,2087744,,,,,,"11/20/2024, 7:18:52 AM",,,2539.699000,,3433,,,,,,8005f2c5-50c7-6880-ecfd-1b684e101272,,117.000000,1.527778,1.366159,"11/20/2024, 6:42:33 AM",175.000000,99.000000,8005f2c5-50c7-6880-ecfd-1b684e101272.live_data,81.000000,,,,xtfbSOmziO,1001,
30001,,,-28800000,,"11/14/2024, 9:09:20 PM","11/14/2024, 9:07:50 PM",,,com.sec.android.app.shealth,,,1867786,,,,,,"11/14/2024, 9:09:20 PM",,,2118.100000,,2815,,,,,,ae307f33-3b92-8f3b-b197-539e4b26f75f,,118.000000,1.527778,1.408483,"11/14/2024, 8:36:42 PM",146.000000,87.000000,ae307f33-3b92-8f3b-b197-539e4b26f75f.live_data,70.000000,,,,xtfbSOmziO,1001,
30001,,,-28800000,,"11/15/2024, 6:51:07 AM","11/15/2024, 6:49:35 AM",,,com.sec.android.app.shealth,,,2100493,,,,,,"11/15/2024, 6:51:07 AM",,,2652.753000,,3508,,,,,,b1c6d8c8-2792-c677-70fb-d8725d877b08,,135.000000,1.500000,1.415031,"11/15/2024, 6:14:35 AM",179.000000,111.000000,b1c6d8c8-2792-c677-70fb-d8725d877b08.live_data,94.000000,,,,xtfbSOmziO,1001,
,,,-28800000,,"11/15/2024, 8:35:07 AM","11/15/2024, 8:35:07 AM",,,com.sec.android.app.shealth,,,4407380,,,,,,"11/15/2024, 8:35:07 AM",,,,,,,,,,,ec40bc02-9669-32d4-e84e-4fb5e169f1d5,,180.000000,,,"11/15/2024, 7:21:40 AM",559.640003,118.000000,ec40bc02-9669-32d4-e84e-4fb5e169f1d5.live_data,67.000000,,,,xtfbSOmziO,10007,
30001,,,-28800000,,"11/14/2024, 5:12:33 PM","11/14/2024, 5:11:03 PM",,,com.sec.android.app.shealth,,,771394,,,,,,"11/14/2024, 5:12:33 PM",,,887.490000,,1178,,,,,,d6212789-9b84-bffe-4ee5-d4b780614f3a,,133.000000,1.547333,1.378277,"11/14/2024, 4:58:11 PM",71.000000,106.000000,d6212789-9b84-bffe-4ee5-d4b780614f3a.live_data,82.000000,,,,xtfbSOmziO,1001,
30001,,,-28800000,,"11/14/2024, 1:12:08 PM","11/14/2024, 1:10:36 PM",,,com.sec.android.app.shealth,,,1028643,,,,,,"11/14/2024, 1:12:08 PM",,,1126.239000,,1551,,,,,,440cc52b-1934-9c01-a913-c42133bc76f6,,107.000000,1.278621,1.212183,"11/14/2024, 12:53:27 PM",82.000000,82.000000,440cc52b-1934-9c01-a913-c42133bc76f6.live_data,64.000000,,,,xtfbSOmziO,1001,
30001,,,-28800000,,"11/14/2024, 11:04:30 AM","11/14/2024, 11:02:58 AM",,,com.sec.android.app.shealth,,,724088,,,,,,"11/14/2024, 11:04:30 AM",,,848.458000,,1132,,,,,,d89faed5-fa03-b7b8-b3b7-033f5133a4b1,,104.000000,1.527778,1.412000,"11/14/2024, 10:50:54 AM",65.000000,94.000000,d89faed5-fa03-b7b8-b3b7-033f5133a4b1.live_data,86.000000,,,,xtfbSOmziO,1001,
30001,,,-28800000,,"11/14/2024, 8:38:02 AM","11/14/2024, 8:36:31 AM",,,com.sec.android.app.shealth,,,2612987,,,,,,"11/14/2024, 8:38:02 AM",,,3252.333000,,4263,,,,,,e67e7684-4bfc-7ee6-c468-25e3f54dac8f,,131.000000,2.027778,1.422334,"11/14/2024, 7:52:58 AM",216.000000,103.000000,e67e7684-4bfc-7ee6-c468-25e3f54dac8f.live_data,81.000000,,,,xtfbSOmziO,1001,
,,,-28800000,,"11/13/2024, 7:58:13 PM","11/13/2024, 7:58:13 PM",,,com.sec.android.app.shealth,,,1811890,,,,,,"11/13/2024, 7:58:13 PM",,,,,,,,,,,d89d4621-7ad6-a7b7-bcf7-f7b52aaf7f50,,143.000000,,,"11/13/2024, 7:28:01 PM",208.529999,107.000000,d89d4621-7ad6-a7b7-bcf7-f7b52aaf7f50.live_data,78.000000,,,,xtfbSOmziO,10007,
30001,,,-28800000,,"11/13/2024, 7:28:03 PM","11/13/2024, 7:28:02 PM",,,com.sec.android.app.shealth,,,2988967,,,,,,"11/13/2024, 7:28:03 PM",,,3235.011000,,4239,,,,,,7da733ca-0399-654c-d420-2cbe1c3f7953,,142.000000,2.379611,1.414883,"11/13/2024, 6:38:13 PM",239.000000,109.000000,7da733ca-0399-654c-d420-2cbe1c3f7953.live_data,84.000000,,,,xtfbSOmziO,1001,
30001,,,-28800000,,"12/04/2024, 8:53:58 AM","12/04/2024, 8:52:26 AM",,,com.sec.android.app.shealth,,,1418676,,,,,,"12/04/2024, 8:53:58 AM",,,1698.945000,,2256,,,,,,9dce0c9f-3d4c-1ffe-fe39-bb4047608bf0,,127.000000,1.511746,1.392197,"12/04/2024, 8:28:48 AM",116.000000,106.000000,9dce0c9f-3d4c-1ffe-fe39-bb4047608bf0.live_data,83.000000,,,,xtfbSOmziO,1001,
30001,,,-28800000,,"12/04/2024, 9:48:11 PM","12/04/2024, 9:46:40 PM",,,com.sec.android.app.shealth,,,1584007,,,,,,"12/04/2024, 9:48:11 PM",,,2072.716000,,2727,,,,,,13e732be-059a-14e9-dfbf-9e8396ec4b4d,,152.000000,1.888889,1.444869,"12/04/2024, 9:20:16 PM",133.000000,99.000000,13e732be-059a-14e9-dfbf-9e8396ec4b4d.live_data,79.000000,,,,xtfbSOmziO,1001,
30001,,,-28800000,,"12/04/2024, 10:20:32 PM","12/04/2024, 10:19:02 PM",,,com.sec.android.app.shealth,,,999557,,,,,,"12/04/2024, 10:20:32 PM",,,1216.325000,,1597,,,,,,55b46f7e-c874-35f0-b9ff-95f918dccc13,,104.000000,1.472222,1.346098,"12/04/2024, 10:02:22 PM",83.000000,90.000000,55b46f7e-c874-35f0-b9ff-95f918dccc13.live_data,81.000000,,,,xtfbSOmziO,1001,
30001,,,-28800000,,"12/05/2024, 8:18:33 AM","12/05/2024, 8:17:01 AM",,,com.sec.android.app.shealth,132.926584,,3360953,,,,,,"12/05/2024, 8:18:33 AM",,,6842.932000,,7446,170.095140,,,,,7b0a8c40-0e8d-2f91-083d-8daf5a961faf,,174.000000,2.722222,2.277312,"12/05/2024, 7:21:00 AM",531.000000,148.000000,7b0a8c40-0e8d-2f91-083d-8daf5a961faf.live_data,95.000000,,,,xtfbSOmziO,1002,
30001,,,-28800000,,"12/05/2024, 12:06:40 PM","12/05/2024, 12:05:07 PM",,,com.sec.android.app.shealth,,,2100017,,,,,,"12/05/2024, 12:06:40 PM",,,2761.510000,,3638,,,,,,d6c35e42-2991-24e5-9859-c038898d8b81,,112.000000,1.583333,1.381538,"12/05/2024, 11:30:07 AM",172.000000,96.000000,d6c35e42-2991-24e5-9859-c038898d8b81.live_data,86.000000,,,,xtfbSOmziO,1001,
30001,,,-28800000,,"12/05/2024, 3:42:35 PM","12/05/2024, 3:41:03 PM",,,com.sec.android.app.shealth,,,752571,,,,,,"12/05/2024, 3:42:35 PM",,,1019.226000,,1350,,,,,,ea5f650d-9ac6-6da1-9bf7-93c4d319460e,,119.000000,1.750000,1.377469,"12/05/2024, 3:28:31 PM",64.000000,100.000000,ea5f650d-9ac6-6da1-9bf7-93c4d319460e.live_data,60.000000,,,,xtfbSOmziO,1001,
30001,,,-28800000,,"12/05/2024, 3:59:10 PM","12/05/2024, 3:57:38 PM",,,com.sec.android.app.shealth,,,692182,,,,,,"12/05/2024, 3:59:10 PM",,,937.503000,,1238,,,,,,918b95f7-a7ac-3e97-3185-bdcca5e99680,,134.000000,1.623016,1.439957,"12/05/2024, 3:46:06 PM",63.000000,107.000000,918b95f7-a7ac-3e97-3185-bdcca5e99680.live_data,83.000000,,,,xtfbSOmziO,1001,
30001,,,-28800000,,"12/05/2024, 6:59:12 PM","12/05/2024, 6:57:39 PM",,,com.sec.android.app.shealth,,,2199566,,,,,,"12/05/2024, 6:59:12 PM",,,2745.777000,,3627,,,,,,491fb7b2-92c6-125c-71c9-47a4f3ba020a,,134.000000,1.449833,1.356045,"12/05/2024, 6:21:00 PM",179.000000,117.000000,491fb7b2-92c6-125c-71c9-47a4f3ba020a.live_data,92.000000,,,,xtfbSOmziO,1001,
30001,,,-28800000,,"12/05/2024, 7:25:53 PM","12/05/2024, 7:24:21 PM",,,com.sec.android.app.shealth,,,1063093,,,,,,"12/05/2024, 7:25:53 PM",,,1246.488000,,1671,,,,,,42085e88-8479-b39f-72af-da6f0f687f0f,,134.000000,1.416667,1.275410,"12/05/2024, 7:06:38 PM",85.000000,103.000000,42085e88-8479-b39f-72af-da6f0f687f0f.live_data,81.000000,,,,xtfbSOmziO,1001,
30001,,,-28800000,,"12/06/2024, 8:01:26 AM","12/06/2024, 7:59:54 AM",,,com.sec.android.app.shealth,,,2315263,,,,,,"12/06/2024, 8:01:26 AM",,,2825.710000,,3714,,,,,,986fa7f9-fb2b-ddc2-0fb2-6a2c56f1d199,,126.000000,1.555556,1.410110,"12/06/2024, 7:21:19 AM",191.000000,99.000000,986fa7f9-fb2b-ddc2-0fb2-6a2c56f1d199.live_data,67.000000,,,,xtfbSOmziO,1001,
30001,,,-28800000,,"12/07/2024, 9:24:55 AM","12/07/2024, 9:23:23 AM",,,com.sec.android.app.shealth,,,2214013,,,,,,"12/07/2024, 9:24:55 AM",,,2709.214000,,3575,,,,,,443bbc20-389c-58e9-a15f-1c324b41fa07,,106.000000,1.585914,1.401545,"12/07/2024, 8:46:29 AM",186.000000,96.000000,443bbc20-389c-58e9-a15f-1c324b41fa07.live_data,80.000000,,,,xtfbSOmziO,1001,
30001,,,-28800000,,"12/06/2024, 3:55:20 PM","12/06/2024, 3:53:48 PM",,,com.sec.android.app.shealth,,,1961484,,,,,,"12/06/2024, 3:55:20 PM",,,2464.470000,,3252,,,,,,e23de78f-8884-8fab-62ba-7bf8caffa74d,,129.000000,1.484595,1.388760,"12/06/2024, 3:21:07 PM",162.000000,97.000000,e23de78f-8884-8fab-62ba-7bf8caffa74d.live_data,76.000000,,,,xtfbSOmziO,1001,
30001,,,-28800000,,"12/07/2024, 8:54:17 PM","12/07/2024, 8:52:45 PM",,,com.sec.android.app.shealth,,,1698384,,,,,,"12/07/2024, 8:54:17 PM",,,2180.184000,,2930,,,,,,17e53e21-66b6-ff91-f96b-591e1aaecf6b,,120.000000,1.472222,1.330833,"12/07/2024, 8:24:27 PM",137.000000,101.000000,17e53e21-66b6-ff91-f96b-591e1aaecf6b.live_data,85.000000,,,,xtfbSOmziO,1001,
30001,,,-28800000,,"12/07/2024, 9:29:20 PM","12/07/2024, 9:27:49 PM",,,com.sec.android.app.shealth,,,1142981,,,,,,"12/07/2024, 9:29:20 PM",,,1284.671000,,1736,,,,,,8e9c2596-c96d-8521-8119-593e8a7db6e5,,98.000000,1.527778,1.268095,"12/07/2024, 9:08:46 PM",92.000000,81.000000,8e9c2596-c96d-8521-8119-593e8a7db6e5.live_data,57.000000,,,,xtfbSOmziO,1001,
30001,,,-28800000,,"12/08/2024, 9:56:14 AM","12/08/2024, 9:54:42 AM",,,com.sec.android.app.shealth,,,1825756,,,,,,"12/08/2024, 9:56:14 AM",,,2412.143000,,3163,,,,,,84a949dc-6453-8ace-7245-6e0890cd68b8,,107.000000,1.777778,1.442884,"12/08/2024, 9:24:16 AM",154.000000,87.000000,84a949dc-6453-8ace-7245-6e0890cd68b8.live_data,73.000000,,,,xtfbSOmziO,1001,
30001,,,-28800000,,"12/08/2024, 12:23:00 PM","12/08/2024, 12:21:28 PM",,,com.sec.android.app.shealth,,,3447319,,,,,,"12/08/2024, 12:23:00 PM",,,3296.599000,,5629,,,,,,c02efa27-5cd8-abe0-d870-5df1f8c4200d,,140.000000,2.583333,1.380569,"12/08/2024, 11:24:01 AM",311.000000,110.000000,c02efa27-5cd8-abe0-d870-5df1f8c4200d.live_data,83.000000,,,,xtfbSOmziO,1001,
30001,,,-28800000,,"12/08/2024, 4:02:54 PM","12/08/2024, 4:01:23 PM",,,com.sec.android.app.shealth,,,3296643,,,,,,"12/08/2024, 4:02:54 PM",,,6793.430000,,7553,,,,,,e2908b18-c391-ce1d-00a5-32a7691e8eb2,,176.000000,2.682457,2.243670,"12/08/2024, 3:06:26 PM",525.000000,147.000000,e2908b18-c391-ce1d-00a5-32a7691e8eb2.live_data,84.000000,,,,xtfbSOmziO,1001,
30001,,,-28800000,,"12/09/2024, 9:42:48 AM","12/09/2024, 9:41:17 AM",,,com.sec.android.app.shealth,,,2349589,,,,,,"12/09/2024, 9:42:48 AM",,,3210.090000,,4186,,,,,,0666ce9f-8a70-6e64-74a6-2f0598223f5f,,121.000000,1.583333,1.434738,"12/09/2024, 9:02:08 AM",198.000000,102.000000,0666ce9f-8a70-6e64-74a6-2f0598223f5f.live_data,88.000000,,,,xtfbSOmziO,1001,
30001,,,-28800000,,"12/09/2024, 11:59:11 AM","12/09/2024, 11:57:40 AM",,,com.sec.android.app.shealth,,,964475,,,,,,"12/09/2024, 11:59:11 AM",,,941.330000,,1186,,,,,,c0a24c7e-4bb2-09a4-1e6b-601f662c97bc,,150.000000,2.584765,1.693869,"12/09/2024, 11:41:36 AM",96.000000,101.000000,c0a24c7e-4bb2-09a4-1e6b-601f662c97bc.live_data,79.000000,,,,xtfbSOmziO,1001,
30001,,,-28800000,,"12/09/2024, 6:54:37 PM","12/09/2024, 6:53:06 PM",,,com.sec.android.app.shealth,,,1616794,,,,,,"12/09/2024, 6:54:37 PM",,,1998.150000,,2652,,,,,,03ee6495-0070-f220-15e0-cc0aabab37cf,,132.000000,1.500000,1.385168,"12/09/2024, 6:26:09 PM",132.000000,104.000000,03ee6495-0070-f220-15e0-cc0aabab37cf.live_data,79.000000,,,,xtfbSOmziO,1001,
30001,,,-28800000,,"12/09/2024, 7:21:07 PM","12/09/2024, 7:19:36 PM",,,com.sec.android.app.shealth,,,1002887,,,,,,"12/09/2024, 7:21:07 PM",,,1226.160000,,1636,,,,,,cdd5fa11-f8c3-3623-ae05-3535523073f6,,119.000000,1.416667,1.303897,"12/09/2024, 7:02:53 PM",82.000000,107.000000,cdd5fa11-f8c3-3623-ae05-3535523073f6.live_data,85.000000,,,,xtfbSOmziO,1001,
30001,,,-28800000,,"12/10/2024, 3:31:35 PM","12/10/2024, 3:31:36 PM",,,com.sec.android.app.shealth,103.685099,,1731974,,,,,,"12/10/2024, 3:31:35 PM",,,2233.432000,,2993,138.480000,,18.614145,,,05f604e1-cba1-3b17-ded8-18c96b5102f7,,150.000000,1.738000,1.289529,"12/10/2024, 3:02:05 PM",137.159000,113.000000,05f604e1-cba1-3b17-ded8-18c96b5102f7.live_data,89.000000,9.144365,,,xtfbSOmziO,1001,
30001,,,-28800000,,"12/11/2024, 12:54:26 PM","12/11/2024, 12:52:54 PM",,,com.sec.android.app.shealth,147.620594,,2933737,,,,,,"12/11/2024, 12:54:26 PM",,,6599.895000,,7218,172.029200,,,,,c82bc132-8a5d-4270-c001-4f94f6f7bceb,,166.000000,2.722222,2.381013,"12/11/2024, 12:04:01 PM",499.000000,144.000000,c82bc132-8a5d-4270-c001-4f94f6f7bceb.live_data,94.000000,,,,xtfbSOmziO,1002,
30001,,,-28800000,,"12/11/2024, 3:43:19 PM","12/11/2024, 3:41:48 PM",,,com.sec.android.app.shealth,,,1275924,,,,,,"12/11/2024, 3:43:19 PM",,,1270.960000,,1764,,,,,,ed0481b6-31ab-c045-22b6-2ff78c794f1c,,123.000000,1.611111,1.344780,"12/11/2024, 3:20:32 PM",100.000000,106.000000,ed0481b6-31ab-c045-22b6-2ff78c794f1c.live_data,92.000000,,,,xtfbSOmziO,1001,
30001,,,-28800000,,"12/11/2024, 6:22:51 PM","12/11/2024, 6:21:20 PM",,,com.sec.android.app.shealth,,,1131486,,,,,,"12/11/2024, 6:22:51 PM",,,1212.110000,,1664,,,,,,70b2713b-2e37-876c-628b-f32440c8d4cd,,126.000000,1.504244,1.318433,"12/11/2024, 6:02:29 PM",92.000000,101.000000,70b2713b-2e37-876c-628b-f32440c8d4cd.live_data,81.000000,,,,xtfbSOmziO,1001,
30001,,,-28800000,,"12/11/2024, 11:07:08 PM","12/11/2024, 11:05:37 PM",,,com.sec.android.app.shealth,,,958287,,,,,,"12/11/2024, 11:07:08 PM",,,1247.532000,,1670,,,,,,7b441de9-79c5-0b7c-7afb-eca41c4147e8,,152.000000,2.020083,1.433283,"12/11/2024, 10:49:38 PM",82.000000,101.000000,7b441de9-79c5-0b7c-7afb-eca41c4147e8.live_data,86.000000,,,,xtfbSOmziO,1001,
30001,,,-28800000,,"12/11/2024, 11:28:02 PM","12/11/2024, 11:26:31 PM",,,com.sec.android.app.shealth,,,1035640,,,,,,"12/11/2024, 11:28:02 PM",,,1260.510000,,1692,,,,,,e0e8bcb2-2351-1f4a-e5e0-ee1d5890846a,,102.000000,1.538202,1.318325,"12/11/2024, 11:09:16 PM",85.000000,93.000000,e0e8bcb2-2351-1f4a-e5e0-ee1d5890846a.live_data,81.000000,,,,xtfbSOmziO,1001,
30001,,,-28800000,,"12/12/2024, 8:09:38 AM","12/12/2024, 8:08:07 AM",,,com.sec.android.app.shealth,,,1041256,,,,,,"12/12/2024, 8:09:38 AM",,,1056.570000,,1442,,,,,,a03f3399-958b-021b-4b10-ae24f46d908a,,102.000000,1.833333,1.405959,"12/12/2024, 7:50:46 AM",83.000000,86.000000,a03f3399-958b-021b-4b10-ae24f46d908a.live_data,69.000000,,,,xtfbSOmziO,1001,
30001,,,-28800000,,"12/12/2024, 12:40:23 PM","12/12/2024, 12:38:53 PM",,,com.sec.android.app.shealth,,,2170673,,,,,,"12/12/2024, 12:40:23 PM",,,2497.407000,,3369,,,,,,18ab1391-658f-9d48-baee-49a17ca5aced,,112.000000,1.580152,1.358785,"12/12/2024, 12:02:42 PM",175.000000,90.000000,18ab1391-658f-9d48-baee-49a17ca5aced.live_data,60.000000,,,,xtfbSOmziO,1001,
30001,,,-28800000,,"12/13/2024, 5:49:20 PM","12/13/2024, 5:47:48 PM",,,com.sec.android.app.shealth,145.293775,,2872525,,,,,,"12/13/2024, 5:49:20 PM",,,6382.160000,,6956,172.053890,,,,,fa7a96fd-2b4d-e60a-a24b-9e1cc0805606,,174.000000,2.725229,2.364671,"12/13/2024, 4:59:56 PM",485.000000,151.000000,fa7a96fd-2b4d-e60a-a24b-9e1cc0805606.live_data,84.000000,,,,xtfbSOmziO,1002,
30001,,,-28800000,,"12/14/2024, 10:23:39 AM","12/14/2024, 10:22:07 AM",,,com.sec.android.app.shealth,,,1228197,,,,,,"12/14/2024, 10:23:39 AM",,,1368.484000,,1850,,,,,,b5cc2e60-f9e4-45e1-ef87-366801eb0772,,140.000000,1.746115,1.457862,"12/14/2024, 10:01:39 AM",103.000000,117.000000,b5cc2e60-f9e4-45e1-ef87-366801eb0772.live_data,87.000000,,,,xtfbSOmziO,1001,
30001,,,-28800000,,"12/14/2024, 4:41:43 PM","12/14/2024, 4:40:12 PM",,,com.sec.android.app.shealth,,,2626783,,,,,,"12/14/2024, 4:41:43 PM",,,3369.359000,,4512,,,,,,a8f3a3ef-47d4-f820-ff49-35ebad59a04d,,109.000000,1.507677,1.374617,"12/14/2024, 3:56:25 PM",214.000000,95.000000,a8f3a3ef-47d4-f820-ff49-35ebad59a04d.live_data,75.000000,,,,xtfbSOmziO,1001,
30001,,,-28800000,,"12/14/2024, 5:35:40 PM","12/14/2024, 5:34:08 PM",,,com.sec.android.app.shealth,,,2480043,,,,,,"12/14/2024, 5:35:40 PM",,,3221.845000,,4296,,,,,,60be89f6-f192-4df5-c433-153cdb862c13,,105.000000,1.447333,1.340761,"12/14/2024, 4:52:48 PM",202.000000,93.000000,60be89f6-f192-4df5-c433-153cdb862c13.live_data,79.000000,,,,xtfbSOmziO,1001,
30001,,,-28800000,,"12/15/2024, 11:37:26 AM","12/15/2024, 11:35:56 AM",,,com.sec.android.app.shealth,,,1809106,,,,,,"12/15/2024, 11:37:26 AM",,,2366.318000,,3163,,,,,,91244835-bb24-a5ce-7ae3-e2c41bce26da,,111.000000,1.638889,1.419516,"12/15/2024, 11:05:47 AM",152.000000,100.000000,91244835-bb24-a5ce-7ae3-e2c41bce26da.live_data,73.000000,,,,xtfbSOmziO,1001,
30001,,,-28800000,,"12/16/2024, 1:16:58 PM","12/16/2024, 1:15:27 PM",,,com.sec.android.app.shealth,,,870524,,,,,,"12/16/2024, 1:16:58 PM",,,1097.007000,,1477,,,,,,dd7f5631-7bc9-f6b0-74e6-938eb46c2fab,,111.000000,1.510530,1.394401,"12/16/2024, 1:00:56 PM",72.000000,102.000000,dd7f5631-7bc9-f6b0-74e6-938eb46c2fab.live_data,88.000000,,,,xtfbSOmziO,1001,
30001,,,-28800000,,"12/16/2024, 3:25:25 PM","12/16/2024, 3:23:54 PM",,,com.sec.android.app.shealth,,,729732,,,,,,"12/16/2024, 3:25:25 PM",,,679.864998,,895,,,,,,6fb542bb-7309-f7d4-403d-687f625006e4,,171.000000,2.691593,1.627111,"12/16/2024, 3:11:45 PM",67.000000,116.000000,6fb542bb-7309-f7d4-403d-687f625006e4.live_data,95.000000,,,,xtfbSOmziO,1001,
30001,,,-28800000,,"12/16/2024, 7:16:35 PM","12/16/2024, 7:15:03 PM",,,com.sec.android.app.shealth,,,1209545,,,,,,"12/16/2024, 7:16:35 PM",,,1293.345000,,1770,,,,,,33152157-665e-a621-afc0-ea6bcaae2cf8,,93.000000,1.538131,1.329278,"12/16/2024, 6:54:54 PM",99.000000,82.000000,33152157-665e-a621-afc0-ea6bcaae2cf8.live_data,69.000000,,,,xtfbSOmziO,1001,
30001,,,-28800000,,"12/17/2024, 8:20:09 AM","12/17/2024, 8:18:37 AM",,,com.sec.android.app.shealth,,,2486361,,,,,,"12/17/2024, 8:20:09 AM",,,3147.832000,,4198,,,,,,54562aad-fd68-289d-1a6e-30641a0f1edb,,117.000000,1.611111,1.401928,"12/17/2024, 7:37:11 AM",204.000000,98.000000,54562aad-fd68-289d-1a6e-30641a0f1edb.live_data,56.000000,,,,xtfbSOmziO,1001,
30001,,,-28800000,,"12/17/2024, 7:40:22 PM","12/17/2024, 7:38:50 PM",,,com.sec.android.app.shealth,,,2619751,,,,,,"12/17/2024, 7:40:22 PM",,,3199.229354,,4284,,,,,,0e43708a-149a-5300-a533-b5053aefe2c6,,113.000000,1.543548,1.356685,"12/17/2024, 6:55:10 PM",212.000000,94.000000,0e43708a-149a-5300-a533-b5053aefe2c6.live_data,80.000000,,,,xtfbSOmziO,1001,
30001,,,-28800000,,"12/17/2024, 9:33:56 PM","12/17/2024, 9:32:24 PM",,,com.sec.android.app.shealth,,,1022707,,,,,,"12/17/2024, 9:33:56 PM",,,1299.423989,,1790,,,,,,ce103432-2761-832c-2235-616dccb4cf84,,98.000000,1.436333,1.320944,"12/17/2024, 9:15:22 PM",85.000000,82.000000,ce103432-2761-832c-2235-616dccb4cf84.live_data,58.000000,,,,xtfbSOmziO,1001,
30001,,,-28800000,,"12/17/2024, 9:55:46 PM","12/17/2024, 9:54:14 PM",,,com.sec.android.app.shealth,,,871288,,,,,,"12/17/2024, 9:55:46 PM",,,1164.048000,,1565,,,,,,96732c0e-4f07-c064-f74e-2f1b1bf70ff7,,123.000000,1.526120,1.320593,"12/17/2024, 9:39:43 PM",72.000000,107.000000,96732c0e-4f07-c064-f74e-2f1b1bf70ff7.live_data,81.000000,,,,xtfbSOmziO,1001,
30001,,,-28800000,,"12/18/2024, 2:20:43 PM","12/18/2024, 2:19:13 PM",,,com.sec.android.app.shealth,144.430315,,2931656,,,,,,"12/18/2024, 2:20:43 PM",,,6464.643000,,7057,170.271273,,,,,b7b3e6bf-59e1-2f66-8ed0-81e1889dd601,,171.000000,2.691737,2.355114,"12/18/2024, 1:30:21 PM",488.000000,151.000000,b7b3e6bf-59e1-2f66-8ed0-81e1889dd601.live_data,93.000000,,,,xtfbSOmziO,1002,
30001,,,-28800000,,"12/19/2024, 8:58:17 AM","12/19/2024, 8:56:47 AM",,,com.sec.android.app.shealth,,,1926869,,,,,,"12/19/2024, 8:58:17 AM",,,2460.969000,,3296,,,,,,86254e11-1bba-c535-afff-c7a1123911fa,,138.000000,1.611111,1.383419,"12/19/2024, 8:24:40 AM",159.000000,109.000000,86254e11-1bba-c535-afff-c7a1123911fa.live_data,84.000000,,,,xtfbSOmziO,1001,
30001,,,-28800000,,"12/19/2024, 7:15:09 PM","12/19/2024, 7:13:37 PM",,,com.sec.android.app.shealth,,,946916,,,,,,"12/19/2024, 7:15:09 PM",,,882.412000,,1121,,,,,,a6427444-04fe-9b73-8f74-b7487afc81de,,162.000000,2.584044,1.570918,"12/19/2024, 6:57:50 PM",92.000000,109.000000,a6427444-04fe-9b73-8f74-b7487afc81de.live_data,78.000000,,,,xtfbSOmziO,1001,
30001,,,-28800000,,"12/19/2024, 8:33:39 PM","12/19/2024, 8:32:09 PM",,,com.sec.android.app.shealth,,,1887506,,,,,,"12/19/2024, 8:33:39 PM",,,2417.084000,,3245,,,,,,90cf3dd8-fc58-1291-df18-755e70e8f3e2,,125.000000,1.564000,1.380963,"12/19/2024, 8:00:41 PM",155.000000,101.000000,90cf3dd8-fc58-1291-df18-755e70e8f3e2.live_data,84.000000,,,,xtfbSOmziO,1001,
30001,,,-28800000,,"12/20/2024, 11:09:54 AM","12/20/2024, 11:08:23 AM",,,com.sec.android.app.shealth,,,1674168,,,,,,"12/20/2024, 11:09:54 AM",,,2143.226000,,2872,,,,,,49603c1a-8bd0-5878-bbca-e1618720b429,,103.000000,1.527778,1.399779,"12/20/2024, 10:40:29 AM",139.000000,89.000000,49603c1a-8bd0-5878-bbca-e1618720b429.live_data,78.000000,,,,xtfbSOmziO,1001,
30001,,,-28800000,,"12/20/2024, 3:42:27 PM","12/20/2024, 3:40:56 PM",,,com.sec.android.app.shealth,,,677318,,,,,,"12/20/2024, 3:42:27 PM",,,668.340000,,872,,,,,,4dd2e41c-c080-4e3a-9def-5f1c849d6077,,157.000000,2.545253,1.593052,"12/20/2024, 3:29:39 PM",67.000000,115.000000,4dd2e41c-c080-4e3a-9def-5f1c849d6077.live_data,82.000000,,,,xtfbSOmziO,1001,
30001,,,-28800000,,"12/21/2024, 8:59:22 AM","12/21/2024, 8:59:21 AM",,,com.sec.android.app.shealth,149.687514,,2787006,,,,,,"12/21/2024, 8:59:22 AM",,,6360.410000,,6953,177.387129,,,,,4ed065c7-c17e-a05c-8e43-84c78434915a,,172.000000,2.837402,2.416719,"12/21/2024, 8:12:54 AM",471.000000,157.000000,4ed065c7-c17e-a05c-8e43-84c78434915a.live_data,89.000000,,,,xtfbSOmziO,1002,
30001,,,-28800000,0.000000,"12/21/2024, 8:59:35 AM","12/21/2024, 8:59:36 AM",,,com.sec.android.app.shealth,128.404669,,10280,,,,,,"12/21/2024, 8:59:35 AM",,,16.687000,,22,128.404669,,,,,d329f206-ec5f-f019-c674-f608f399e3b8,,96.000000,1.623249,1.623249,"12/21/2024, 8:59:19 AM",1.727000,92.000000,d329f206-ec5f-f019-c674-f608f399e3b8.live_data,90.000000,,0.000000,,xtfbSOmziO,1002,
30001,,,-28800000,,"12/21/2024, 11:43:19 AM","12/21/2024, 11:41:48 AM",,,com.sec.android.app.shealth,,,933879,,,,,,"12/21/2024, 11:43:19 AM",,,874.340000,,1254,,,,,,20282986-0a8c-ffcc-4ce9-f806c946047c,,103.000000,1.514666,1.329243,"12/21/2024, 11:26:15 AM",74.000000,92.000000,20282986-0a8c-ffcc-4ce9-f806c946047c.live_data,81.000000,,,,xtfbSOmziO,1001,
30001,,,-28800000,,"12/21/2024, 7:28:58 PM","12/21/2024, 7:27:28 PM",,,com.sec.android.app.shealth,,,2907989,,,,,,"12/21/2024, 7:28:58 PM",,,3404.139000,,4572,,,,,,d1bb4fdf-8e90-f96a-51b0-c5c3f4fc86e3,,111.000000,1.861111,1.378202,"12/21/2024, 6:39:00 PM",235.000000,87.000000,d1bb4fdf-8e90-f96a-51b0-c5c3f4fc86e3.live_data,52.000000,,,,xtfbSOmziO,1001,
30001,,,-28800000,,"12/22/2024, 3:00:17 PM","12/22/2024, 2:58:44 PM",,,com.sec.android.app.shealth,,,7256536,,,,,,"12/22/2024, 3:00:17 PM",,,7834.044000,,12679,,,,,,0ee4e83e-5d2f-277d-51d0-4f0460c1a2ec,,148.000000,2.019145,1.406481,"12/22/2024, 12:57:48 PM",638.000000,104.000000,0ee4e83e-5d2f-277d-51d0-4f0460c1a2ec.live_data,81.000000,,,,xtfbSOmziO,1001,
30001,,,-28800000,,"12/22/2024, 10:34:36 PM","12/22/2024, 10:33:04 PM",,,com.sec.android.app.shealth,,,2493661,,,,,,"12/22/2024, 10:34:36 PM",,,3185.603000,,4297,,,,,,6f4d9edd-1f04-bf3a-edcb-1fb86b1d2fea,,112.000000,1.708451,1.336803,"12/22/2024, 9:51:30 PM",204.000000,96.000000,6f4d9edd-1f04-bf3a-edcb-1fb86b1d2fea.live_data,86.000000,,,,xtfbSOmziO,1001,
30001,,,-28800000,,"12/29/2024, 5:55:21 PM","12/29/2024, 5:53:52 PM",,,com.sec.android.app.shealth,,,1817929,,,,,,"12/29/2024, 5:55:21 PM",,,1233.119000,,1600,,,,,,eddf6fe1-1d6a-82e1-1a10-f482628d9d0c,,138.000000,2.611111,1.466863,"12/29/2024, 5:23:34 PM",149.000000,98.000000,eddf6fe1-1d6a-82e1-1a10-f482628d9d0c.live_data,47.000000,,,,xtfbSOmziO,1001,
30001,,,-28800000,,"12/29/2024, 11:20:39 PM","12/29/2024, 11:19:10 PM",,,com.sec.android.app.shealth,,,1583367,,,,,,"12/29/2024, 11:20:39 PM",,,2048.961000,,2767,,,,,,e2ee2d25-984f-0d6f-3dd5-5a3864ff04bb,,115.000000,1.749014,1.364404,"12/29/2024, 10:52:46 PM",131.000000,94.000000,e2ee2d25-984f-0d6f-3dd5-5a3864ff04bb.live_data,79.000000,,,,xtfbSOmziO,1001,
30001,,,-28800000,,"12/29/2024, 11:47:57 PM","12/29/2024, 11:45:38 PM",,,com.sec.android.app.shealth,,,1188633,,,,,,"12/29/2024, 11:47:57 PM",,,1360.072000,,1825,,,,,,16f2479e-af8b-6678-4b46-0e195c942bc1,,100.000000,1.887004,1.344061,"12/29/2024, 11:25:49 PM",97.000000,86.000000,16f2479e-af8b-6678-4b46-0e195c942bc1.live_data,66.000000,,,,xtfbSOmziO,1001,
30001,,,-28800000,,"12/31/2024, 9:38:29 AM","12/31/2024, 9:36:59 AM",,,com.sec.android.app.shealth,149.512441,,2884576,,,,,,"12/31/2024, 9:38:29 AM",,,6588.758000,,7188,178.080334,,,,,cfb0c87e-6697-b6c0-c73e-74db8e5c7b99,,180.000000,2.805556,2.409223,"12/31/2024, 8:48:54 AM",497.000000,152.000000,cfb0c87e-6697-b6c0-c73e-74db8e5c7b99.live_data,90.000000,,,,xtfbSOmziO,1002,
30001,,,-28800000,,"12/31/2024, 7:50:01 PM","12/31/2024, 7:48:29 PM",,,com.sec.android.app.shealth,,,1377529,,,,,,"12/31/2024, 7:50:01 PM",,,1571.510000,,2164,,,,,,52c6a149-b559-d8dd-902c-f02456b9e4dc,,110.000000,1.450289,1.305596,"12/31/2024, 7:25:32 PM",108.000000,89.000000,52c6a149-b559-d8dd-902c-f02456b9e4dc.live_data,77.000000,,,,xtfbSOmziO,1001,
30001,,,-28800000,,"12/31/2024, 8:22:33 PM","12/31/2024, 8:21:01 PM",,,com.sec.android.app.shealth,,,1041376,,,,,,"12/31/2024, 8:22:33 PM",,,1240.159000,,1634,,,,,,fd9e3dfb-427f-2dfd-2a63-f119e674ef53,,167.000000,2.805556,1.399001,"12/31/2024, 8:03:40 PM",88.000000,107.000000,fd9e3dfb-427f-2dfd-2a63-f119e674ef53.live_data,78.000000,,,,xtfbSOmziO,1001,
30001,,,-28800000,,"01/02/2025, 11:29:44 AM","01/02/2025, 11:28:13 AM",,,com.sec.android.app.shealth,,,2379066,,,,,,"01/02/2025, 11:29:44 AM",,,3118.591000,,4134,,,,,,33b448da-8388-00b5-44e9-335b131f36d6,,130.000000,1.485167,1.409847,"01/02/2025, 10:48:34 AM",198.000000,103.000000,33b448da-8388-00b5-44e9-335b131f36d6.live_data,81.000000,,,,xtfbSOmziO,1001,
,,,-28800000,,"01/02/2025, 4:33:01 PM","01/02/2025, 4:31:59 PM",,,com.sec.android.app.shealth,,,859067,,,,,,"01/02/2025, 4:33:01 PM",,,,,,,,,,,87e2ef32-2e6a-7233-c1f5-8dd608abfda9,,182.000000,,,"01/02/2025, 4:17:40 PM",151.000000,142.000000,87e2ef32-2e6a-7233-c1f5-8dd608abfda9.live_data,95.000000,,,,xtfbSOmziO,0,
,,,-28800000,,"01/02/2025, 4:51:48 PM","01/02/2025, 4:50:47 PM",,,com.sec.android.app.shealth,,,970197,,,,,,"01/02/2025, 4:51:48 PM",,,,,,,,,,,c239a3d7-7b02-e509-10e9-65e54282c782,,175.000000,,,"01/02/2025, 4:34:37 PM",203.000000,156.000000,c239a3d7-7b02-e509-10e9-65e54282c782.live_data,103.000000,,,,xtfbSOmziO,0,
,,,-28800000,,"01/02/2025, 5:11:17 PM","01/02/2025, 5:10:16 PM",,,com.sec.android.app.shealth,,,811805,,,,,,"01/02/2025, 5:11:17 PM",,,,,,,,,,,d2414c65-927d-a12d-02ab-973eb8ecaeca,,167.000000,,,"01/02/2025, 4:56:44 PM",146.000000,141.000000,d2414c65-927d-a12d-02ab-973eb8ecaeca.live_data,102.000000,,,,xtfbSOmziO,0,
,,,-28800000,,"01/02/2025, 5:30:21 PM","01/02/2025, 5:29:20 PM",,,com.sec.android.app.shealth,,,847095,,,,,,"01/02/2025, 5:30:21 PM",,,,,,,,,,,54cc6a43-7f2a-adb3-b12c-71a5fbfda34e,,177.000000,,,"01/02/2025, 5:15:13 PM",165.000000,150.000000,54cc6a43-7f2a-adb3-b12c-71a5fbfda34e.live_data,102.000000,,,,xtfbSOmziO,0,
,,,-28800000,,"01/02/2025, 6:15:58 PM","01/02/2025, 6:14:57 PM",,,com.sec.android.app.shealth,,,2575923,,,,,,"01/02/2025, 6:15:58 PM",,,,,,,,,,,1ecf9864-5c8e-95a9-c971-ab8c5d1a96db,,165.000000,,,"01/02/2025, 5:32:01 PM",427.000000,139.000000,1ecf9864-5c8e-95a9-c971-ab8c5d1a96db.live_data,109.000000,,,,xtfbSOmziO,0,
30001,,,-28800000,,"01/02/2025, 8:09:28 PM","01/02/2025, 8:07:58 PM",,,com.sec.android.app.shealth,,,1650032,,,,,,"01/02/2025, 8:09:28 PM",,,1751.277000,,2415,,,,,,d05d9308-1367-771a-db1c-dcb3f9ad4bfa,,106.000000,1.444444,1.226509,"01/02/2025, 7:40:28 PM",125.000000,94.000000,d05d9308-1367-771a-db1c-dcb3f9ad4bfa.live_data,85.000000,,,,xtfbSOmziO,1001,
30001,,,-28800000,,"01/02/2025, 8:43:07 PM","01/02/2025, 8:41:37 PM",,,com.sec.android.app.shealth,,,1151126,,,,,,"01/02/2025, 8:43:07 PM",,,1308.152000,,1767,,,,,,2cfe58ec-bcee-77e8-dfcb-a7832fb876f0,,109.000000,1.459764,1.281509,"01/02/2025, 8:22:26 PM",92.000000,88.000000,2cfe58ec-bcee-77e8-dfcb-a7832fb876f0.live_data,78.000000,,,,xtfbSOmziO,1001,
30001,,,-28800000,,"01/03/2025, 12:00:48 PM","01/03/2025, 11:59:16 AM",,,com.sec.android.app.shealth,,,2624344,,,,,,"01/03/2025, 12:00:48 PM",,,3202.294000,,4307,,,,,,53542ee3-43e6-eb71-7d4c-ecebe197311b,,116.000000,1.500000,1.356672,"01/03/2025, 11:15:32 AM",211.000000,94.000000,53542ee3-43e6-eb71-7d4c-ecebe197311b.live_data,78.000000,,,,xtfbSOmziO,1001,
30001,,,-28800000,,"12/29/2024, 12:34:48 PM","12/29/2024, 12:33:18 PM",,,com.sec.android.app.shealth,,,4713057,,,,,,"12/29/2024, 12:34:48 PM",,,6308.986000,,8339,,,,,,d9ac1379-9310-578a-080c-c431fa701d66,,117.000000,1.472222,1.378855,"12/29/2024, 11:14:45 AM",390.000000,89.000000,d9ac1379-9310-578a-080c-c431fa701d66.live_data,77.000000,,,,xtfbSOmziO,1001,

